,16.918x16.996,18.017x17.034,20.075x17.059,18.979x17.065,21.937x16.967,20.899x17.015,24.121x17.055,23.122x17.085,25.068x16.996,26.035x16.991,26.987x16.997,27.948x16.969,9.868x17.084,9.004x17.028,12.074x17.04,10.908x16.974,13.045x17.149,14.014x17.063,15.011x17.051,16.003x17.048,15.076x19.996,15.063x19.016,15.019x18.024,15.932x18.0,15.893x20.047,15.936x19.021,12.973x18.014,14.07x18.032,13.059x20.044,14.013x19.054,14.004x20.024,13.061x19.072,13.969x21.05,14.069x21.943,13.058x22.014,13.014x20.919,15.89x21.016,15.084x21.071,15.051x21.998,15.996x22.102,12.08x19.06,12.121x18.058,12.092x20.032,10.896x18.992,10.877x17.97,10.868x20.032,9.959x20.044,9.918x18.981,9.023x19.044,9.018x20.048,9.899x17.997,9.049x18.018,9.068x20.979,9.906x20.97,9.966x21.951,9.059x22.014,12.131x21.968,12.073x21.045,10.868x20.971,10.903x21.945,10.899x23.91,12.153x24.01,12.115x22.986,10.857x22.897,9.03x23.949,9.056x22.94,9.966x23.953,9.999x22.935,9.074x24.935,9.951x24.909,12.123x25.002,10.86x24.947,15.949x22.955,15.98x23.961,15.009x22.966,15.073x23.973,13.048x23.951,13.067x22.915,14.05x23.965,14.048x22.95,13.111x24.919,14.085x24.905,15.033x24.886,15.953x24.959,29.058x18.046,29.077x18.972,29.042x20.088,28.971x20.971,28.989x21.969,27.011x20.052,26.98x18.983,26.993x17.966,27.979x17.991,28.011x18.987,27.995x20.017,25.06x19.024,25.062x20.007,26.027x20.023,26.064x17.981,25.044x18.022,26.071x18.994,26.111x21.979,25.055x21.994,26.076x20.965,25.04x21.01,27.937x20.97,27.038x20.951,26.991x21.958,27.97x21.947,27.977x22.897,28.0x23.902,27.012x22.908,26.993x23.896,26.03x23.935,26.072x22.884,25.107x22.896,25.119x23.921,25.013x24.806,26.159x24.845,27.976x24.882,27.031x24.865,28.98x23.89,28.994x22.861,29.007x24.906,23.159x20.027,23.1x19.036,24.124x19.029,24.122x18.025,24.096x20.049,23.114x18.019,21.919x17.952,20.975x20.036,20.97x17.974,21.934x18.934,21.956x19.964,20.96x18.968,20.929x20.972,21.933x21.931,21.006x21.941,21.976x20.925,24.1x22.013,23.115x21.019,23.156x22.013,24.13x21.008,19.037x17.976,20.051x20.007,18.978x20.047,18.957x18.977,19.993x18.035,20.062x19.0,16.987x17.981,17.028x19.984,17.956x18.006,16.987x18.995,17.976x19.0,17.998x20.091,18.068x22.018,17.988x21.045,16.981x20.987,16.965x22.101,19.032x21.982,18.98x21.065,20.072x20.997,20.053x21.979,20.078x22.838,20.111x23.889,19.039x23.982,18.984x22.881,16.93x22.932,18.155x22.881,16.869x23.909,18.126x23.926,16.988x24.905,18.033x24.967,18.997x24.953,20.094x24.903,23.176x22.999,24.112x22.904,24.115x23.954,23.182x23.977,20.923x23.871,21.938x23.891,21.949x22.839,21.011x22.796,21.016x24.87,21.956x24.877,23.227x24.938,24.213x24.842,17.994x15.992,16.927x15.977,18.904x15.986,20.085x15.949,21.901x15.95,20.933x15.956,23.132x16.038,24.059x16.02,26.042x15.983,25.075x16.007,26.992x15.973,9.885x15.988,12.064x16.067,10.877x15.971,13.093x16.033,14.008x16.038,15.956x16.001,15.001x16.014,17.002x15.002,17.969x15.026,12.045x15.052,10.877x14.964,15.026x15.004,15.908x15.036,13.083x15.039,13.973x15.034,23.151x15.033,24.092x15.02,21.908x14.979,25.077x15.02,17.983x13.979,16.906x13.965,15.042x14.003,15.96x13.988,14.015x14.092,9.938x25.924,10.906x25.928,12.211x26.031,13.941x25.99,13.052x25.997,15.065x25.942,15.954x25.936,25.117x25.95,26.096x25.912,26.984x25.925,27.963x25.91,28.951x25.907,16.996x25.92,17.98x25.935,19.04x25.9,20.045x25.924,20.999x25.892,21.945x25.895,24.036x25.953,23.245x26.014,23.217x27.926,24.171x27.919,24.133x26.965,23.159x27.0,21.971x27.883,21.992x26.873,27.017x26.917,27.013x27.885,25.105x26.949,26.095x27.828,25.068x27.858,26.04x26.933,15.942x26.943,16.002x27.941,15.102x26.951,15.035x27.891,13.133x26.968,14.07x27.899,13.979x26.983,13.087x27.961,10.892x26.911,12.139x28.005,12.068x26.999,16.981x26.937,18.038x27.974,18.004x26.964,16.996x27.901,14.058x28.995,15.956x28.912,15.037x28.942,16.969x28.883,9.92x26.907,7.962x22.994,20.973x26.907,18.97x26.953,27.93x26.89,24.114x28.955,25.134x28.934,29.961x18.97,median_rank,gene
Calm2,2.0,22.5,35.0,20.0,50.0,20.0,14.5,11.0,9.5,13.0,31.0,38.0,12.5,18.0,32.0,8021.0,21.0,62.5,8.0,23.0,13.0,5.0,5.0,6.0,6.0,11.0,25.0,8.0,60.0,8.0,1.0,28.5,5.0,6.0,5.5,13.0,2.5,5.5,11.5,6.5,26.0,27.0,13.0,26.0,58.5,41.5,23.5,33.5,20.0,37.0,14.0,16.0,16.5,36.0,30.0,20.0,14.0,29.5,57.5,79.5,11.0,10.0,4.0,31.5,15.0,43.0,23.5,46.0,19.5,18.0,6.0,30.0,1.0,12.0,11.0,7.0,8.0,9.5,22.0,10.0,10.5,5.5,23.0,8.5,29.5,66.5,33.0,33.5,128.0,59.0,63.5,28.0,52.5,25.0,63.0,44.0,42.5,18.5,52.0,29.5,23.0,26.5,12.0,76.5,9.5,39.5,45.0,30.5,32.0,32.5,51.5,22.0,11.0,3.5,6.5,12.0,7.0,3.5,6.0,16.5,22.0,31.0,45.0,27.0,3.0,9.0,5.5,2.0,3.5,6.5,5.0,9.0,24.5,7.0,16.5,46.0,40.0,26.5,31.5,30.0,3.0,5.5,1.0,4.0,24.5,56.5,25.5,37.0,83.0,36.5,6.5,25.5,20.0,28.5,36.0,8018.0,36.5,10.5,30.5,57.0,20.5,29.5,32.0,95.0,1981.0,28.5,62.0,23.5,75.0,18.0,34.5,21.5,23.0,17.0,62.0,49.0,1.0,4.0,9.5,3.0,21.5,19.5,28.5,17.5,23.5,8.5,4.5,1.0,27.5,26.5,8.0,76.5,30.0,46.0,59.5,31.0,30.5,71.0,51.0,26.5,25.5,16.5,53.5,17.0,5.0,9.0,21.5,24.5,195.5,22.0,16.5,28.5,50.0,15.0,15.0,54.0,26.0,23.0,31.0,8018.0,13.5,15.0,28.0,67.5,38.0,9.0,8.0,10.0,5.5,3.5,3.0,13.0,22.5,39.5,71.0,3.0,29.0,16.5,32.0,13.0,18.5,6.0,19.0,70.0,14.5,6.0,8063.5,51.5,110.0,20.5,24.5,26.0,25.0,53.0,43.5,5.0,15.0,15.5,15.5,16.5,10.5,3.5,32.5,18.0,16.0,27.5,21.0,23.0,54.0,116.0,4.0,10.0,15.5,37.5,39.0,14.0,65.5,71.5,48.5,49.0,13.0,36.5,22.5,Calm2
Mbp,9.0,1440.0,66.5,457.0,75.5,181.5,5.5,12.5,9.5,123.0,58.0,91.0,122.0,33.5,77.0,8021.0,67.0,19.5,10.0,3.0,1.0,5.0,3.5,7.0,7.0,1.0,157.5,39.0,36.5,22.5,19.0,78.0,11.0,3.0,2.0,61.0,12.5,9.5,5.5,29.5,52.0,142.5,58.0,63.0,128.0,73.0,79.0,57.5,217.0,43.5,16.5,190.5,158.5,83.0,13.5,166.5,12.0,19.5,22.0,31.0,68.5,5.0,2.0,65.0,139.0,43.0,29.5,56.5,100.5,147.5,29.0,37.5,49.0,10.5,3.5,1.0,2.0,1.0,2.0,2.0,16.0,10.0,2.0,18.0,97.0,33.5,53.5,174.0,128.0,46.0,85.5,138.0,63.5,131.0,1705.0,11.5,53.0,170.0,213.0,29.5,58.0,41.0,22.0,55.0,31.5,84.0,45.0,61.0,201.5,64.0,25.0,41.5,204.5,22.5,1.0,2.0,1.0,16.5,24.0,116.0,29.0,20.5,279.5,22.0,4.0,2.0,9.5,13.0,14.0,15.5,13.0,96.0,71.0,19.0,43.5,25.5,54.5,46.5,51.0,22.0,16.5,35.5,42.0,3.0,35.0,72.0,75.0,148.5,110.5,25.0,18.5,48.5,53.0,23.5,23.5,8018.0,49.5,6.5,23.5,18.0,33.0,77.0,179.0,68.0,692.5,237.0,230.5,87.5,19.0,87.0,72.0,41.5,15.5,37.5,49.0,822.0,41.0,3.0,4.0,16.5,72.0,50.5,25.5,105.5,51.0,22.5,9.0,3.0,36.5,32.0,99.0,361.0,30.0,69.5,30.0,38.0,53.5,20.5,51.0,282.0,226.0,69.0,11.5,25.5,12.5,3.0,135.0,62.0,98.0,111.0,29.5,264.0,157.0,75.5,130.0,281.5,57.5,106.5,422.0,8018.0,199.0,121.5,44.5,113.5,113.0,12.0,16.5,18.0,10.0,1.0,12.5,29.0,117.0,69.5,30.0,8.0,80.0,57.0,51.5,166.0,21.0,14.5,1.5,204.5,16.0,2.0,8063.5,35.0,31.5,214.0,97.5,113.0,135.0,34.0,31.5,54.0,2.5,30.0,3.0,1.0,51.5,17.0,32.5,68.5,175.0,23.5,10.0,60.0,33.0,27.5,11.5,51.0,297.0,113.0,39.0,36.5,153.0,924.5,75.0,49.0,20.0,103.5,41.75,Mbp
Camk2n1,29.5,507.5,100.5,163.0,96.0,137.0,281.0,35.5,611.5,711.5,133.0,546.0,122.0,427.0,191.5,8021.0,238.0,84.0,43.5,46.5,61.0,28.0,20.5,29.5,43.5,31.5,203.0,48.0,127.0,109.5,58.5,34.5,51.0,49.0,20.0,55.0,43.5,52.0,33.5,67.0,256.5,93.5,82.0,82.0,1511.5,504.0,31.0,169.0,307.0,65.0,73.0,190.5,158.5,157.5,153.0,598.5,90.5,38.5,111.0,31.0,173.0,64.5,20.5,201.0,114.5,126.5,87.0,75.5,75.0,207.5,59.0,99.0,40.5,33.0,13.0,76.5,25.5,24.5,49.0,36.0,32.0,59.0,60.0,14.5,1346.0,96.0,292.5,337.0,178.5,88.5,576.5,2634.5,151.5,180.5,556.0,34.5,70.5,170.0,283.0,43.0,128.5,371.5,47.0,170.5,256.5,1515.5,237.0,202.0,150.5,161.0,103.0,84.0,157.5,18.5,24.5,31.0,29.5,20.5,28.5,58.0,135.5,425.0,378.0,164.0,36.5,21.5,16.0,36.0,41.5,19.0,69.0,70.0,731.5,41.5,91.5,108.5,101.0,72.0,51.0,150.0,36.5,48.5,13.0,10.0,99.5,1361.5,140.0,148.5,149.5,210.0,41.5,61.5,155.5,145.5,288.0,8018.0,325.5,1515.5,46.0,46.0,331.0,1340.5,373.0,202.0,89.0,170.0,499.5,622.5,59.0,686.0,129.0,240.0,180.5,121.5,118.0,822.0,35.5,100.0,60.5,29.5,171.5,105.0,27.0,302.0,56.5,128.5,21.5,10.5,252.0,54.0,167.5,361.0,288.0,1077.5,23.5,59.0,182.5,88.5,164.5,171.5,364.5,69.0,205.5,74.5,63.0,73.5,135.0,98.0,311.5,619.5,33.0,34.5,203.5,150.5,231.5,183.0,333.5,135.5,244.5,8018.0,52.0,121.5,198.0,245.0,113.0,57.0,42.0,29.0,33.0,31.5,25.0,143.5,32.0,207.5,453.5,104.5,100.0,275.5,583.0,101.5,57.0,25.0,26.0,136.5,29.5,25.5,8063.5,122.0,26.0,158.5,433.5,34.5,315.5,53.0,56.0,23.5,758.5,12.5,89.5,48.5,39.5,32.0,22.5,363.5,612.5,31.5,42.0,651.0,78.5,116.0,191.0,51.0,41.5,37.5,290.0,203.5,1266.0,237.5,48.5,106.5,1055.5,85.5,100.75,Camk2n1
Pcp4l1,11.5,161.0,807.5,83.5,118.5,394.0,94.0,52.5,90.0,200.0,84.5,303.0,357.0,427.0,77.0,8021.0,52.5,382.5,27.0,77.0,75.5,23.0,33.5,61.0,73.0,75.0,157.5,89.0,46.5,167.0,32.0,1075.5,36.0,67.0,48.5,81.0,29.5,110.0,94.0,17.5,157.0,48.0,111.0,82.0,128.0,241.5,2194.0,9865.0,158.0,219.0,147.5,62.5,216.0,157.5,466.0,70.0,32.0,1182.0,1315.5,106.0,227.5,51.5,40.5,37.0,170.0,126.5,65.0,373.5,168.5,326.5,19.0,129.5,106.0,105.0,102.5,128.0,218.0,107.5,72.0,488.5,26.5,144.5,692.5,81.0,261.0,96.0,292.5,174.0,248.0,527.0,160.0,196.0,831.0,180.5,556.0,195.0,100.0,373.5,283.0,266.5,128.5,87.5,42.0,261.0,61.5,68.5,114.5,348.5,43.5,713.5,256.0,289.5,124.5,8.5,32.0,55.5,22.0,44.5,26.0,463.0,180.5,632.0,378.0,54.0,969.5,103.0,30.5,20.5,25.5,77.0,24.5,96.0,438.0,97.0,51.5,361.5,362.0,1260.5,253.0,72.5,80.0,26.5,68.5,15.5,244.0,47.0,182.0,37.0,345.5,210.0,33.5,86.5,217.5,123.5,288.0,8018.0,646.5,200.5,278.5,179.0,10156.5,137.5,93.5,134.0,457.0,851.5,840.0,340.5,930.0,404.0,108.5,302.0,87.0,218.5,81.0,219.0,106.5,46.0,37.5,124.0,216.0,46.0,325.5,396.5,1066.0,50.5,59.0,59.5,139.5,237.0,167.5,176.0,388.5,535.5,59.5,1185.0,253.5,58.0,66.5,86.0,633.5,97.5,148.0,800.0,63.0,34.5,75.5,98.0,63.0,57.5,132.0,57.5,95.0,409.5,292.0,281.5,189.5,281.0,158.0,8018.0,35.5,197.5,85.0,386.5,362.5,44.5,48.5,38.0,118.0,52.0,25.0,381.0,230.0,337.5,91.5,88.5,195.5,74.5,3691.0,101.5,73.5,29.0,84.0,136.5,237.5,96.5,8063.5,393.5,1924.0,71.0,9764.5,113.0,135.0,1203.0,43.5,54.0,109.0,54.0,21.5,43.0,115.5,22.5,2576.0,47.0,272.5,92.5,28.5,27.5,115.5,172.0,132.5,2254.5,114.0,198.5,123.0,116.5,360.5,237.5,586.0,195.0,515.0,103.5,124.25,Pcp4l1
Mapk1,82.5,96.0,127.0,927.5,96.0,79.0,139.0,41.0,366.5,3001.5,237.5,546.0,60.5,82.5,66.0,8021.0,93.5,382.5,67.0,53.5,53.5,44.5,79.0,34.5,136.0,85.5,98.5,89.0,86.5,74.0,46.0,44.0,59.5,49.0,42.0,71.0,70.5,75.5,53.5,46.0,136.5,425.0,82.0,46.0,804.0,1606.0,122.5,456.0,217.0,99.5,231.5,190.5,122.0,259.5,205.5,70.0,57.5,98.0,88.5,251.0,62.0,33.0,123.5,137.5,215.5,94.0,46.0,243.5,85.5,81.5,59.0,179.5,34.5,105.0,85.5,76.5,65.0,63.5,100.5,239.5,43.0,91.5,41.0,164.5,261.0,138.5,73.0,235.0,616.5,527.0,576.5,105.0,2223.0,525.5,556.0,1915.5,53.0,242.5,390.0,667.0,1264.0,148.5,110.0,453.0,67.0,3288.5,580.5,9448.5,285.5,161.0,134.0,568.5,37.0,127.5,64.0,55.5,86.0,25.0,72.5,313.5,241.5,167.5,279.5,132.5,42.5,169.0,40.0,40.5,53.5,121.5,61.0,96.0,111.0,88.5,131.5,195.0,230.0,320.0,334.5,150.0,49.0,77.5,56.5,90.0,187.5,715.0,225.5,148.5,345.5,78.5,68.0,238.5,264.5,213.0,150.5,8018.0,209.0,200.5,2881.0,292.0,146.0,409.0,251.5,564.5,184.5,237.0,156.0,340.5,472.5,130.5,192.0,107.0,274.0,468.0,2283.0,485.0,23.5,36.5,24.0,72.0,171.5,105.0,478.0,184.0,152.0,247.5,66.0,52.0,878.0,187.0,2012.0,131.0,131.5,2666.0,194.5,250.5,365.0,230.0,866.5,66.5,153.5,421.0,302.5,74.5,36.5,143.5,266.5,668.5,130.5,353.0,97.0,1704.5,122.5,44.0,156.5,734.0,247.5,281.0,901.5,8018.0,823.5,121.5,120.0,654.0,236.5,52.0,34.5,38.0,155.5,125.0,36.5,234.5,347.5,457.0,91.5,59.5,44.0,437.0,108.5,304.0,57.0,86.5,30.5,526.0,237.5,131.5,8063.5,228.0,110.0,57.5,918.0,210.5,135.0,246.0,846.0,70.0,48.0,20.0,108.0,76.0,252.5,18.5,79.5,93.5,145.0,27.5,42.0,1063.5,683.5,473.0,65.5,88.5,87.0,92.0,92.5,116.5,54.5,2454.0,1816.0,49.0,187.0,133.5,133.75,Mapk1
Arf3,72.0,96.0,474.0,927.5,178.0,181.5,83.5,94.0,237.0,94.0,9318.0,189.0,188.5,427.0,748.0,8021.0,666.0,9563.5,67.0,63.0,22.0,57.5,33.5,48.5,56.5,95.5,157.5,68.0,86.5,134.0,95.5,537.5,36.0,270.5,37.5,106.0,70.5,44.5,295.0,160.5,83.0,616.0,293.5,255.5,309.5,241.5,202.5,169.0,158.0,318.0,38.0,276.0,467.0,83.0,205.5,37.5,322.5,174.0,207.0,153.5,151.5,42.0,57.0,201.0,71.5,366.5,76.0,243.5,229.5,108.0,32.5,78.5,83.0,27.0,58.5,46.5,32.5,28.5,2182.0,114.5,63.5,21.0,692.5,70.5,705.0,208.0,452.0,514.5,94.0,527.0,576.5,2634.5,404.0,525.5,9324.5,56.0,249.0,101.0,158.0,187.5,80.0,87.5,137.0,453.0,117.5,1515.5,65.5,126.5,201.5,95.0,134.0,166.0,124.5,35.5,64.0,46.0,65.5,69.0,42.0,216.5,334.0,632.0,378.0,132.5,63.0,169.0,59.5,85.5,61.5,58.5,46.5,320.5,51.5,172.5,23.5,255.0,150.0,320.0,114.0,292.5,54.5,30.5,37.5,21.5,124.5,103.0,90.0,612.5,149.5,337.5,41.5,162.5,115.0,123.5,729.0,8018.0,1351.0,61.5,107.5,498.5,595.5,699.0,952.0,1110.5,103.0,515.5,156.0,87.5,472.5,68.0,192.0,127.0,118.5,772.0,118.0,160.5,41.0,147.5,131.0,39.0,117.5,91.5,170.5,152.5,152.0,99.5,14.0,75.0,65.0,118.0,700.5,1188.5,131.5,535.5,140.5,98.5,53.5,230.0,230.0,86.0,633.5,97.5,457.5,74.5,54.5,92.5,135.0,299.0,130.5,111.0,132.0,582.0,374.0,824.0,231.5,84.0,333.5,426.0,901.5,8018.0,389.0,25.0,99.5,245.0,236.5,44.5,23.0,25.5,15.5,36.0,40.0,68.5,158.5,168.0,91.5,53.0,136.0,275.5,108.5,304.0,659.0,62.0,69.0,2572.0,130.0,78.5,8063.5,106.0,325.5,214.0,232.0,285.5,55.5,373.5,238.0,28.5,48.0,47.5,392.0,147.5,69.5,38.5,314.5,363.5,105.5,496.0,327.5,1063.5,180.5,473.0,65.5,2254.5,27.0,113.0,290.0,150.5,1266.0,154.5,123.0,59.5,84.5,355.5,135.5,Arf3
Pcp4,31.5,326.5,807.5,927.5,219.5,32.0,44.5,6.0,366.5,200.0,1691.0,189.0,357.0,171.5,281.0,8021.0,117.5,39.0,17.5,18.5,39.5,13.5,17.0,13.5,56.5,15.5,203.0,89.0,86.5,109.5,22.0,202.5,21.5,11.5,20.0,36.5,6.0,27.0,94.0,13.0,182.0,111.0,442.5,861.0,68.0,504.0,357.0,456.0,217.0,123.0,147.5,139.0,308.0,83.0,302.0,226.0,37.0,174.0,71.5,50.5,173.0,21.5,15.0,65.0,139.0,241.0,87.0,75.5,140.5,147.5,11.0,99.0,6.5,19.0,23.5,24.0,28.5,34.5,231.0,23.5,35.0,40.5,135.0,12.0,261.0,208.0,452.0,235.0,248.0,527.0,576.5,312.5,404.0,289.5,556.0,347.0,2200.5,1225.0,213.0,408.0,375.0,41.0,16.0,170.5,43.0,815.0,237.0,9448.5,716.5,214.0,180.0,392.5,64.5,22.5,24.5,18.0,11.0,6.5,21.5,216.5,770.5,425.0,279.5,209.5,81.5,169.0,25.5,15.5,11.0,37.0,39.0,226.0,438.0,23.5,107.5,543.5,132.0,320.0,137.5,46.5,7.0,21.0,16.5,5.0,346.5,137.0,140.0,1226.0,1286.5,591.5,26.0,162.5,135.0,64.5,111.5,8018.0,70.5,312.5,427.5,2385.5,146.0,259.5,251.5,564.5,120.5,237.0,114.5,150.5,272.0,2947.5,45.5,189.0,62.0,218.5,379.5,485.0,10.0,80.5,37.5,8.0,171.5,32.0,1454.5,184.0,179.5,72.5,25.5,32.5,178.5,26.5,700.5,131.0,568.5,2666.0,289.5,250.5,550.0,230.0,505.0,282.0,85.5,909.5,457.5,325.5,17.0,21.5,60.5,668.5,195.5,146.0,43.5,141.0,203.5,824.0,231.5,102.5,475.0,426.0,901.5,8018.0,119.0,121.5,120.0,1282.5,45.0,25.5,25.5,5.0,23.0,23.0,30.0,92.0,347.5,207.5,146.0,46.5,2611.0,134.5,145.0,50.0,25.5,25.0,38.5,136.5,620.0,13.5,8063.5,180.0,325.5,158.5,232.0,285.5,406.0,1203.0,238.0,10.0,56.5,14.0,24.0,33.5,83.0,22.5,537.5,363.5,72.5,191.5,69.5,651.0,317.0,116.0,49.0,30.5,114.0,292.5,290.0,30.0,360.5,71.5,586.0,630.5,2699.0,355.5,143.0,Pcp4
Meis2,45.0,161.0,1496.5,9828.5,63.0,79.0,192.5,24.0,120.0,432.5,545.5,546.0,811.0,427.0,137.0,8021.0,238.0,49.5,121.5,183.5,668.5,44.5,41.5,257.0,43.5,367.5,380.5,108.0,86.5,31.5,64.5,312.5,23.5,40.0,90.5,71.0,54.5,110.0,94.0,46.0,117.5,40.0,111.0,63.0,309.5,241.5,357.0,169.0,89.0,486.5,147.5,139.0,467.0,56.5,205.5,598.5,51.0,1182.0,207.0,106.0,173.0,59.0,46.0,257.0,114.5,126.5,65.0,243.5,100.5,326.5,15.0,407.5,30.0,384.0,39.0,128.0,110.0,107.5,824.5,114.5,76.5,100.5,60.0,164.5,411.5,2280.5,144.5,843.0,94.0,2563.5,339.5,1068.0,2223.0,289.5,9324.5,195.0,860.5,373.5,907.5,408.0,246.0,256.0,47.0,111.5,158.5,317.5,1103.5,202.0,124.0,288.0,1237.0,1643.5,740.0,73.5,28.0,55.5,65.5,40.5,110.0,767.5,486.0,80.0,133.0,717.0,69.0,71.0,69.0,40.5,61.5,69.5,76.0,1488.0,3078.5,63.0,295.5,145.0,199.5,2086.0,196.5,150.0,93.5,35.5,37.5,39.0,124.5,715.0,159.5,341.5,1286.5,210.0,74.5,162.5,97.5,123.5,204.0,8018.0,261.5,200.5,427.5,179.0,595.5,180.5,373.0,324.0,120.5,170.0,90.0,622.5,930.0,182.0,442.5,377.5,180.5,121.5,841.0,100.5,31.5,100.0,60.5,52.5,171.5,361.0,478.0,231.0,261.5,149.0,82.5,24.5,878.0,187.0,167.5,241.0,388.5,183.0,194.5,1185.0,135.0,356.5,866.5,499.5,110.5,421.0,457.5,325.5,77.0,48.0,661.5,668.5,63.0,216.0,189.0,582.0,203.5,409.5,42.0,428.5,121.5,190.5,244.5,8018.0,199.0,197.5,258.5,85.0,362.5,84.0,74.0,43.0,33.0,177.0,44.0,168.0,2644.5,78.0,91.5,120.5,1091.5,189.0,261.0,238.5,140.0,136.5,282.5,204.5,99.0,25.5,8063.5,61.0,38.0,119.0,918.0,285.5,163.0,94.0,9603.5,14.5,85.0,30.0,89.5,66.5,335.5,46.0,314.5,163.0,63.5,92.5,86.5,423.0,1913.0,172.0,40.5,133.5,148.0,144.0,123.0,116.5,107.5,154.5,48.5,195.0,124.0,85.5,163.75,Meis2
Nsg2,48.5,326.5,807.5,2444.0,96.0,256.0,83.5,199.0,237.0,10143.5,1691.0,303.0,85.5,82.5,281.0,8021.0,1026.0,810.0,33.0,97.5,39.5,125.5,41.5,91.5,136.0,215.0,380.5,298.5,358.0,51.5,95.5,312.5,41.5,99.5,48.5,71.0,27.5,75.5,126.0,99.0,117.5,225.5,740.5,255.5,1511.5,184.5,79.0,986.0,70.0,219.0,99.0,190.5,46.5,157.5,1423.0,598.5,67.5,244.0,111.0,251.0,114.5,42.0,103.5,424.5,170.0,173.0,632.0,243.5,65.0,326.5,32.5,64.5,106.0,83.5,160.5,76.5,147.0,188.0,399.5,179.0,51.5,82.0,79.0,70.5,180.5,849.0,741.5,1534.5,368.5,527.0,339.5,196.0,831.0,525.5,133.0,704.0,860.5,373.5,52.0,187.5,655.5,187.0,66.0,453.0,85.0,1515.5,580.5,202.0,427.5,161.0,180.0,289.5,157.5,73.5,55.0,84.0,141.5,47.5,135.5,1446.5,135.5,80.0,279.5,209.5,81.5,103.0,240.5,68.5,32.5,37.0,54.5,226.0,283.5,71.5,79.0,56.0,306.0,421.5,449.5,150.0,36.5,120.5,234.5,56.5,899.0,428.0,416.0,341.5,1286.5,337.5,51.0,357.0,264.5,359.0,438.0,8018.0,70.5,312.5,427.5,498.5,331.0,699.0,952.0,95.0,692.5,237.0,1591.5,2989.5,930.0,404.0,45.5,240.0,879.0,772.0,379.5,219.0,35.5,19.0,131.0,124.0,276.0,168.0,791.0,105.5,152.0,87.0,46.5,41.0,76.0,442.5,320.0,605.0,1670.5,183.0,510.0,377.5,182.5,88.5,230.0,66.5,633.5,147.0,205.5,800.0,18.0,56.0,400.0,9469.5,78.0,46.0,274.5,1704.5,270.0,409.5,107.5,3089.0,247.5,704.5,422.0,8018.0,823.5,197.5,99.5,85.0,62.0,22.5,74.0,67.5,47.0,62.5,68.0,168.0,567.0,89.0,453.5,160.0,1091.5,437.0,145.0,400.0,329.5,107.5,108.0,315.5,1207.0,96.5,48.5,180.0,1924.0,459.5,57.5,113.0,1255.5,171.5,416.5,23.5,295.5,40.0,161.0,43.0,51.5,69.0,196.0,163.0,105.5,191.5,100.0,294.0,78.5,270.0,18.5,2254.5,53.5,292.5,177.0,460.5,633.0,425.5,586.0,138.5,187.0,103.5,187.25,Nsg2
Agap2,54.5,3139.0,807.5,2444.0,515.0,137.0,163.5,73.5,237.0,1324.5,545.5,2759.0,188.5,427.0,137.0,8021.0,1026.0,203.0,67.0,77.0,180.0,26.0,59.0,91.5,56.5,111.5,203.0,189.5,86.5,288.5,32.0,202.5,71.0,30.5,90.5,132.0,79.0,385.0,53.5,116.0,1584.0,425.0,293.5,3399.5,128.0,864.0,791.0,9865.0,1448.0,161.0,147.5,76.5,10249.0,1931.5,1423.0,341.0,147.0,77.0,111.0,456.5,460.5,64.5,147.5,583.0,270.5,366.5,632.0,2775.0,282.5,108.0,98.5,179.5,284.0,147.0,102.5,329.0,110.0,51.5,72.0,88.0,98.0,82.0,183.5,51.0,1346.0,138.5,1373.5,843.0,2825.5,1050.5,1108.5,1068.0,404.0,525.5,1705.0,78.0,151.0,2836.0,3360.0,266.5,1264.0,841.0,77.0,55.0,256.5,482.0,580.5,722.0,201.5,3035.5,385.5,219.5,740.0,15.5,55.0,84.0,86.0,135.5,93.0,72.0,101.5,167.5,519.5,717.0,121.5,103.0,80.0,47.0,123.0,121.5,178.5,1488.0,283.5,88.5,216.0,195.0,264.5,421.5,137.5,95.5,80.0,44.0,56.5,46.0,10510.0,715.0,119.5,612.5,1286.5,1180.5,189.0,238.5,722.5,102.0,111.5,8018.0,907.0,523.5,427.5,292.0,2981.0,409.0,952.0,9941.5,3886.5,1577.0,840.0,215.5,472.5,2947.5,235.0,970.0,133.5,772.0,2283.0,126.0,124.5,147.5,176.0,72.0,712.0,58.0,234.5,552.5,261.5,128.5,59.0,75.0,1576.5,118.0,700.5,1188.5,1670.5,1077.5,194.5,250.5,3544.0,356.5,330.5,499.5,1208.5,2457.0,1406.5,166.5,95.0,143.5,400.0,9469.5,130.5,2947.0,274.5,582.0,946.0,2108.0,372.0,734.0,1158.5,3097.5,9791.5,8018.0,823.5,197.5,258.5,245.0,113.0,32.5,59.0,96.5,62.5,76.5,259.5,234.5,1093.5,636.0,779.0,416.0,318.5,1427.0,374.5,304.0,140.0,62.0,84.0,70.0,99.0,66.5,48.5,228.0,177.5,3056.5,918.0,691.0,560.0,1203.0,146.0,543.5,295.5,109.0,60.5,313.0,144.0,100.5,49.5,2839.5,272.5,130.0,187.5,651.0,115.5,172.0,303.0,88.5,3154.5,92.0,177.0,203.5,228.5,924.5,1816.0,195.0,302.0,539.0,253.5,Agap2
Ppm1e,82.5,806.0,807.5,457.0,382.0,102.0,479.5,46.5,611.5,1324.5,9318.0,2759.0,357.0,171.5,99.5,8021.0,1803.0,2103.5,43.5,183.5,409.5,103.5,91.0,75.5,136.0,111.5,203.0,89.0,781.5,109.5,68.5,1075.5,120.0,81.0,69.5,81.0,88.0,44.5,33.5,51.5,410.0,82.5,442.5,140.5,223.5,241.5,357.0,986.0,782.0,219.0,99.0,413.5,774.5,157.5,466.0,226.0,67.5,2747.5,147.5,456.5,266.5,194.5,46.0,424.5,114.5,241.0,297.0,1188.5,583.0,326.5,59.0,129.5,134.5,69.0,377.5,94.5,45.0,140.0,2182.0,239.5,112.5,82.0,183.5,303.0,1346.0,849.0,201.0,843.0,616.5,1050.5,1108.5,9928.5,2223.0,2609.5,1705.0,1915.5,2200.5,1225.0,390.0,266.5,246.0,535.5,29.0,453.0,185.5,482.0,1103.5,9448.5,285.5,1355.0,639.0,921.5,446.0,73.5,55.0,108.0,65.5,118.5,53.0,767.5,334.0,425.0,279.5,209.5,100.5,169.0,452.5,208.5,72.0,144.0,147.5,226.0,144.5,112.5,642.0,864.0,150.0,1260.5,253.0,408.0,54.5,137.0,121.5,46.0,187.5,72.0,416.0,1226.0,1286.5,1180.5,103.5,588.0,722.5,1167.0,111.5,8018.0,646.5,398.5,695.0,498.5,1232.5,259.5,952.0,1110.5,241.5,515.5,840.0,1272.0,930.0,404.0,108.5,492.0,180.5,160.0,841.0,3333.5,76.0,672.0,258.0,81.0,276.0,450.5,791.0,184.0,543.0,390.5,82.5,96.5,1576.5,118.0,320.0,10028.0,166.0,294.5,1021.0,250.5,365.0,1125.0,1606.5,1042.0,10038.5,239.5,88.5,325.5,120.5,106.0,266.5,98.0,1140.0,146.0,274.5,264.0,575.0,409.5,107.5,281.5,1158.5,135.5,422.0,8018.0,2181.5,197.5,1178.5,654.0,81.0,151.0,426.5,38.0,62.5,680.5,99.0,319.5,347.5,636.0,453.5,88.5,1091.5,134.5,374.5,238.5,329.5,62.0,138.5,204.5,620.0,208.5,8063.5,801.5,690.5,158.5,918.0,421.0,315.5,246.0,238.0,35.5,203.0,219.5,108.0,76.0,188.5,56.5,314.5,232.0,450.0,2466.5,86.5,294.0,683.5,62.0,1020.5,88.5,736.5,292.5,177.0,72.0,228.5,924.5,586.0,630.5,84.5,892.0,289.0,Ppm1e
Map2k1,176.0,161.0,127.0,111.0,285.0,1303.0,362.0,73.5,162.5,3001.5,545.5,2759.0,2205.0,47.5,748.0,8021.0,319.0,2103.5,121.5,97.5,75.5,471.5,119.0,53.0,477.5,139.5,203.0,1213.5,2075.5,88.5,203.0,312.5,71.0,99.5,808.5,106.0,224.0,110.0,182.0,99.0,211.5,425.0,209.5,1580.5,309.5,241.5,2194.0,78.5,1448.0,318.0,31.5,190.5,158.5,157.5,761.0,128.5,104.5,244.0,2925.0,251.0,381.0,260.0,221.5,99.0,139.0,2775.5,297.0,625.0,452.5,207.5,136.0,1270.5,134.5,83.5,547.5,76.5,110.0,140.0,399.5,114.5,208.0,186.5,135.0,124.5,132.5,390.0,741.5,174.0,248.0,210.0,116.0,196.0,9669.5,289.5,1705.0,347.0,2200.5,2836.0,907.5,266.5,176.5,841.0,66.0,453.0,185.5,1515.5,163.0,86.0,427.5,10151.5,385.5,392.5,2993.0,39.0,214.0,70.0,22.0,181.5,259.5,313.5,486.0,632.0,1130.0,717.0,81.5,130.0,97.5,134.5,53.5,290.0,316.5,55.0,144.5,148.0,1000.0,361.5,861.0,160.5,114.0,150.0,93.5,222.0,180.5,78.5,244.0,715.0,250.5,341.5,1286.5,1180.5,314.5,588.0,722.5,359.0,288.0,8018.0,118.0,523.5,695.0,498.5,1232.5,699.0,179.0,2670.5,3886.5,851.5,230.5,622.5,930.0,686.0,235.0,4429.0,180.5,308.5,841.0,1535.0,93.5,244.5,49.5,262.5,276.0,361.0,325.5,396.5,325.5,128.5,73.5,193.5,1576.5,656.0,167.5,361.0,568.5,69.5,1021.0,176.5,1661.0,2672.5,866.5,499.5,10038.5,2457.0,751.0,120.5,63.0,175.0,2848.5,1922.0,551.0,353.0,132.0,9314.5,374.0,9560.0,487.0,10197.5,1158.5,704.5,422.0,8018.0,823.5,2006.0,500.0,386.5,164.5,304.0,140.5,67.5,62.5,76.5,48.0,234.5,230.0,457.0,284.5,416.0,562.0,437.0,261.0,166.0,329.5,62.0,216.5,526.0,237.5,66.5,8063.5,293.5,325.5,751.5,918.0,421.0,249.0,1203.0,238.0,70.0,109.0,146.0,276.5,253.0,653.0,56.5,537.5,624.5,272.5,987.5,245.5,214.5,9451.0,2380.5,132.5,51.0,454.0,292.5,290.0,203.5,2908.5,154.5,9414.0,275.5,515.0,355.5,290.0,Map2k1
Camk2b,41.0,507.5,303.5,2444.0,732.5,394.0,227.0,199.0,611.5,285.0,9318.0,2759.0,9650.5,1437.5,191.5,8021.0,1026.0,84.0,86.0,183.5,75.5,103.5,119.0,91.5,228.5,75.0,157.5,108.0,781.5,88.5,113.5,312.5,71.0,49.0,808.5,61.0,104.5,91.5,528.5,116.0,755.0,1737.5,10227.0,523.0,473.0,324.5,791.0,2533.5,1448.0,3264.0,147.5,1337.5,774.5,470.5,761.0,1173.0,127.0,370.5,430.5,2343.0,1281.0,73.5,221.5,424.5,270.5,620.5,173.0,373.5,1107.5,574.5,80.5,270.0,56.0,105.0,127.0,94.5,65.0,84.0,399.5,114.5,136.0,100.5,263.0,164.5,3094.0,390.0,452.0,3255.5,248.0,2563.5,1108.5,1068.0,9669.5,93.5,9324.5,1915.5,249.0,373.5,390.0,82.0,655.5,841.0,110.0,453.0,137.5,3288.5,237.0,1933.0,427.5,713.5,385.5,568.5,2993.0,60.0,55.0,70.0,24.5,94.5,82.5,463.0,3094.5,1012.0,519.5,482.0,394.0,429.5,122.0,61.5,84.5,166.0,125.5,1488.0,1380.5,88.5,216.0,361.5,528.5,200.5,1351.0,205.0,65.5,63.5,31.5,26.0,899.0,715.0,643.5,341.5,1286.5,210.0,160.5,238.5,722.5,3718.0,3015.5,8018.0,141.0,1515.5,1287.0,975.0,1232.5,3109.5,578.5,1110.5,692.5,515.5,1591.5,10144.0,930.0,404.0,235.0,377.5,180.5,308.5,2283.0,1535.0,85.0,244.5,176.0,106.0,488.5,168.0,478.0,1243.0,758.5,486.5,54.0,96.5,539.5,187.0,2012.0,1188.5,166.0,1077.5,1021.0,250.5,902.0,2672.5,866.5,282.0,2825.0,421.0,10212.5,800.0,63.0,120.0,185.5,9469.5,195.5,2947.0,399.0,9314.5,946.0,2108.0,187.0,734.0,333.5,704.5,901.5,8018.0,199.0,2006.0,500.0,2900.5,236.5,101.5,59.0,79.0,118.0,2907.0,81.5,559.0,2644.5,207.5,779.0,75.5,1091.5,1427.0,3691.0,1022.0,1040.0,72.5,55.5,204.5,361.0,66.5,8063.5,801.5,690.5,751.5,2378.0,1271.0,1255.5,2795.5,238.0,140.0,69.0,109.0,580.0,147.5,83.0,86.0,314.5,363.5,272.5,2466.5,37.5,651.0,180.5,959.0,93.0,216.5,736.5,756.0,509.0,150.5,633.0,2454.0,1816.0,630.5,187.0,355.5,412.5,Camk2b
Tshz1,238.5,218.5,474.0,9828.5,219.5,676.0,479.5,288.5,1170.0,711.5,237.5,1129.5,2205.0,171.5,443.5,8021.0,452.0,382.5,152.5,39.5,180.0,343.5,374.5,34.5,228.5,273.0,79.5,233.0,2075.5,613.5,113.5,1075.5,71.0,386.5,146.5,163.5,174.0,61.0,126.0,235.5,2513.5,616.0,442.5,1580.5,3310.0,184.5,791.0,986.0,307.0,219.0,429.0,413.5,10249.0,1931.5,761.0,2737.5,322.5,129.0,1315.5,251.0,381.0,87.5,76.5,2115.0,2305.5,126.5,421.5,625.0,452.5,574.5,374.5,270.0,70.0,105.0,34.0,128.0,65.0,107.5,2182.0,51.5,265.5,82.0,104.5,220.0,411.5,2280.5,292.5,843.0,1199.5,2563.5,339.5,2634.5,2223.0,2609.5,1705.0,347.0,2200.5,10040.5,10318.5,667.0,655.5,535.5,89.5,2287.5,2454.5,10310.5,2627.0,1933.0,1351.0,10151.5,2849.0,921.5,1354.0,469.5,214.0,84.0,296.5,118.5,110.0,216.5,334.0,213.5,3803.5,164.0,56.0,299.5,97.5,183.5,183.0,102.5,384.0,3238.5,197.5,112.5,1000.0,864.0,264.5,575.5,617.5,150.0,36.5,44.0,103.5,380.5,152.5,1361.5,275.5,341.5,2988.5,337.5,225.0,2660.0,722.5,1944.5,729.0,8018.0,907.0,247.5,427.5,2385.5,212.0,1340.5,373.0,2670.5,457.0,515.5,499.5,2989.5,472.5,1297.5,235.0,189.0,1341.5,468.0,118.0,1535.0,63.5,190.0,131.0,57.5,488.5,236.0,234.5,552.5,152.0,208.0,138.5,96.5,539.5,311.5,700.5,1188.5,388.5,128.5,510.0,1185.0,365.0,1125.0,505.0,282.0,633.5,147.0,751.0,800.0,931.0,323.0,2848.5,1922.0,10005.0,619.5,189.0,582.0,374.0,9560.0,976.0,428.5,725.0,281.0,158.0,8018.0,9637.5,738.5,1178.5,654.0,362.5,490.5,48.5,201.0,279.0,52.0,44.0,946.0,2644.5,337.5,779.0,416.0,9895.5,437.0,374.5,539.5,457.0,174.0,84.0,136.5,2767.5,208.5,8063.5,801.5,1924.0,751.5,9764.5,421.0,4111.5,171.5,416.5,35.5,1397.5,219.5,392.0,57.0,653.0,74.5,101.0,363.5,859.5,295.0,460.5,1889.5,1913.0,473.0,516.5,396.0,1396.5,456.0,92.5,460.5,633.0,2454.0,586.0,10578.5,302.0,892.0,428.75,Tshz1
Atp1a1,82.5,1440.0,1496.5,457.0,732.5,1303.0,192.5,94.0,2716.5,10143.5,1691.0,546.0,357.0,9145.0,3112.0,8021.0,1026.0,203.0,54.0,2969.0,2944.5,260.5,119.0,75.5,56.5,215.0,882.5,233.0,358.0,215.0,95.5,9925.5,174.5,151.5,201.0,246.0,174.0,110.0,182.0,84.0,182.0,980.0,1409.0,3399.5,804.0,504.0,9649.5,255.5,473.0,161.0,147.5,693.0,1412.0,694.5,761.0,2737.5,127.0,9973.5,703.0,9717.5,460.5,125.0,177.0,322.5,453.5,1205.5,297.0,170.5,1644.0,2717.5,113.5,674.0,134.5,105.0,377.5,177.0,65.0,107.5,231.0,330.5,169.0,116.0,263.0,124.5,180.5,390.0,452.0,514.5,10036.0,1050.5,576.5,539.5,2223.0,525.5,556.0,9453.5,9638.5,2836.0,283.0,187.5,655.5,87.5,77.0,2287.5,185.5,1515.5,1103.5,9448.5,3018.5,713.5,10034.5,921.5,740.0,87.5,138.0,131.5,296.5,327.5,53.0,216.5,10177.5,1799.5,733.0,1149.5,969.5,299.5,122.0,101.5,41.5,121.5,1198.5,474.5,731.5,172.5,428.5,864.0,306.0,822.0,2241.0,292.5,105.5,87.0,121.5,107.5,346.5,1361.5,416.0,612.5,345.5,1180.5,160.5,588.0,722.5,359.0,204.0,8018.0,646.5,1009.5,278.5,975.0,212.0,3109.5,373.0,1110.5,457.0,3367.5,1591.5,10144.0,2290.0,404.0,442.5,2434.0,222.0,1418.0,9712.0,822.0,172.5,672.0,696.5,72.0,1936.0,450.5,478.0,1243.0,543.0,486.5,171.0,540.0,1576.5,187.0,700.5,2814.5,919.0,1077.5,194.5,9982.5,3544.0,1125.0,330.5,1042.0,2825.0,909.5,1406.5,10281.5,285.0,120.0,661.5,668.5,1140.0,1235.0,10133.0,1704.5,374.0,824.0,372.0,281.5,2003.0,10210.5,107.0,8018.0,199.0,350.0,1178.5,2900.5,236.5,101.5,112.0,50.0,118.0,261.5,259.5,199.0,567.0,457.0,1467.5,120.5,136.0,437.0,583.0,1022.0,178.5,107.5,282.5,1053.0,61.0,78.5,8063.5,180.0,9464.0,1387.0,97.5,691.0,560.0,171.5,2163.5,543.5,10153.0,343.0,128.0,202.5,452.0,100.5,537.5,624.5,2206.5,295.0,150.5,294.0,683.5,172.0,191.0,849.0,297.0,456.0,290.0,769.5,10070.0,425.5,9414.0,630.5,84.5,251.5,466.75,Atp1a1
Cpne4,287.0,3139.0,303.5,9828.5,382.0,676.0,652.0,199.0,2716.5,1324.5,9318.0,1129.5,9650.5,1437.5,443.5,8021.0,319.0,382.5,67.0,77.0,95.0,103.5,103.5,149.0,18.0,95.5,559.0,1213.5,192.5,405.5,95.5,9925.5,83.0,40.0,146.5,246.0,79.0,61.0,182.0,348.5,1067.0,1737.5,1409.0,523.0,1511.5,504.0,9649.5,9865.0,3197.0,486.5,429.0,1337.5,467.0,470.5,302.0,341.0,104.5,1182.0,2925.0,941.0,554.0,194.5,76.5,834.5,170.0,620.5,421.5,625.0,229.5,207.5,113.5,10082.0,106.0,83.5,872.0,65.0,347.5,43.0,231.0,179.0,112.5,59.0,183.5,59.5,1346.0,9711.0,452.0,337.0,2825.5,9864.5,576.5,1068.0,237.0,9910.0,556.0,1915.5,2200.5,641.5,3360.0,667.0,655.5,3152.5,110.0,170.5,527.0,10310.5,356.5,348.5,1351.0,10151.5,256.0,219.5,288.0,101.5,170.5,28.5,65.5,81.0,110.0,1446.5,770.5,293.5,1960.5,1149.5,24.5,85.0,184.0,77.0,236.5,47.5,316.5,474.5,731.5,112.5,1735.0,3332.5,230.0,575.5,4184.5,3501.5,42.5,26.5,31.5,890.0,3598.5,428.0,1353.0,612.5,621.0,591.5,225.0,2660.0,1495.0,359.0,10144.5,8018.0,907.0,200.5,695.0,9743.0,595.5,1340.5,1737.0,1110.5,1130.5,340.5,1591.5,1272.0,472.5,404.0,1009.0,681.0,222.0,1418.0,379.5,3333.5,45.5,100.0,93.5,19.0,1123.5,290.0,3130.0,1243.0,543.0,173.5,113.0,257.5,1576.5,442.5,167.5,241.0,568.5,1077.5,1021.0,1185.0,3544.0,2672.5,866.5,2611.5,1208.5,239.5,457.5,486.0,285.0,65.0,1251.0,1922.0,10005.0,353.0,660.5,264.0,1697.5,824.0,668.5,3089.0,475.0,1350.0,901.5,8018.0,823.5,2006.0,4061.5,2900.5,2809.0,187.5,112.0,56.0,53.5,62.5,202.0,1308.5,2644.5,168.0,453.5,160.0,136.0,189.0,374.5,1538.5,178.5,107.5,171.5,2572.0,620.0,131.5,8063.5,553.5,1924.0,459.5,2378.0,421.0,560.0,1203.0,846.0,214.0,203.0,25.5,276.5,313.0,1764.0,160.0,1053.0,2839.5,612.5,987.5,110.5,3772.5,1913.0,959.0,303.0,849.0,297.0,144.0,123.0,203.5,10070.0,2454.0,9414.0,406.5,302.0,539.0,495.25,Cpne4
Fkbp1a,433.5,507.5,3266.0,261.5,1143.5,394.0,163.5,238.5,611.5,1324.5,9318.0,1129.5,188.5,1437.5,748.0,8021.0,452.0,810.0,86.0,134.0,409.5,103.5,215.5,257.0,136.0,64.5,3343.5,798.0,192.5,215.0,203.0,537.5,333.0,270.5,1461.0,378.5,174.0,140.0,1056.5,136.0,1584.0,225.5,3147.5,523.0,804.0,1606.0,122.5,78.5,10257.5,219.0,429.0,1337.5,3154.0,1117.5,1423.0,1173.0,251.5,370.5,703.0,456.5,227.5,194.5,123.5,834.5,4308.0,366.5,421.5,10000.5,1107.5,1134.5,88.0,1270.5,134.5,270.5,127.0,94.5,147.0,140.0,824.5,88.0,112.5,304.5,409.0,984.0,3094.0,390.0,201.0,514.5,128.0,2563.5,339.5,105.0,831.0,1058.0,9324.5,347.0,2200.5,1225.0,575.0,1275.0,1264.0,256.0,366.0,9699.5,527.0,482.0,580.5,722.0,3018.5,713.5,639.0,1643.5,740.0,195.5,170.5,270.0,141.5,135.5,602.5,767.5,334.0,1799.5,733.0,358.5,152.5,429.5,184.0,246.5,307.5,290.0,638.0,787.5,731.5,285.0,1735.0,543.5,1563.0,1260.5,449.5,981.5,93.5,160.5,180.5,140.5,1678.5,185.0,416.0,612.5,621.0,337.5,189.0,357.0,1008.0,502.5,1350.5,8018.0,209.0,312.5,2881.0,975.0,595.5,409.0,1737.0,2670.5,1981.0,70.0,499.5,2989.5,930.0,686.0,442.5,151.5,607.5,308.5,379.5,1535.0,356.0,190.0,410.5,124.0,3825.5,450.5,1454.5,2099.5,1066.0,618.5,221.5,257.5,3274.0,237.0,9541.0,605.0,568.5,294.5,194.5,1185.0,1661.0,2672.5,866.5,2611.5,2825.0,9835.5,1406.5,325.5,212.5,1010.0,135.0,1922.0,1140.0,619.5,399.0,141.0,575.0,2108.0,976.0,3089.0,2003.0,1350.0,2403.5,8018.0,389.0,350.0,1178.5,386.5,622.5,304.0,177.0,614.5,203.5,62.5,2115.5,711.5,2644.5,457.0,3222.0,120.5,1091.5,1427.0,374.5,1538.5,329.5,226.5,42.0,2572.0,620.0,405.5,8063.5,801.5,690.5,751.5,2378.0,421.0,560.0,246.0,846.0,214.0,69.0,442.5,392.0,253.0,1017.5,321.5,1053.0,2839.5,612.5,987.5,686.0,1889.5,1913.0,959.0,303.0,216.5,454.0,198.5,2648.0,1461.0,1266.0,9828.5,586.0,275.5,2699.0,1651.5,571.75,Fkbp1a
Rbfox1,238.5,806.0,1496.5,2444.0,382.0,676.0,479.5,118.0,9951.5,10143.5,545.5,1129.5,357.0,9145.0,1399.5,8021.0,3655.0,2103.5,1028.0,682.0,124.5,343.5,215.5,342.0,1408.0,530.0,882.5,798.0,358.0,998.5,697.0,1075.5,596.0,122.0,300.0,378.5,104.5,816.0,295.0,136.0,1067.0,1737.5,740.5,523.0,171.5,1606.0,791.0,456.0,1448.0,1502.5,231.5,190.5,774.5,470.5,302.0,2737.5,419.0,2747.5,1315.5,251.0,554.0,194.5,221.5,583.0,1415.0,366.5,421.5,625.0,353.0,1134.5,192.0,1270.5,212.0,270.5,547.5,502.5,147.0,188.0,100.5,239.5,136.0,116.0,183.5,303.0,705.0,849.0,292.5,1534.5,1199.5,317.5,85.5,9928.5,9669.5,1058.0,9324.5,9453.5,2200.5,10040.5,575.0,667.0,1264.0,187.0,110.0,261.0,710.5,3288.5,237.0,9448.5,3018.5,426.0,385.5,921.5,1354.0,127.5,214.0,365.0,198.0,181.5,259.5,313.5,3094.5,1799.5,1960.5,717.0,394.0,633.0,149.0,134.5,307.5,446.0,316.5,1488.0,1380.5,541.0,642.0,864.0,2243.0,822.0,2241.0,593.5,323.5,160.5,180.5,140.5,534.0,1361.5,517.5,612.5,1286.5,1180.5,856.0,1127.0,1008.0,502.5,3015.5,8018.0,4218.0,4574.0,695.0,2385.5,331.0,409.0,952.0,1110.5,1981.0,851.5,840.0,10144.0,2290.0,686.0,10402.5,189.0,447.5,772.0,2283.0,318.0,207.0,244.5,258.0,91.0,488.5,290.0,791.0,1243.0,2593.5,390.5,392.5,41.0,1576.5,311.5,700.5,361.0,1670.5,128.5,9824.5,1185.0,182.5,9936.0,10417.5,499.5,2825.0,421.0,457.5,800.0,593.5,542.0,10036.5,1922.0,1140.0,619.5,132.0,582.0,946.0,2108.0,668.5,3089.0,725.0,704.5,2403.5,8018.0,389.0,197.5,149.5,245.0,10015.5,941.5,228.0,448.5,279.0,177.0,99.0,1870.5,1093.5,916.0,453.5,198.0,2611.0,1427.0,1750.0,539.5,457.0,635.5,727.0,315.5,620.0,208.5,8063.5,1250.5,1924.0,459.5,2378.0,691.0,808.5,246.0,416.5,70.0,203.0,219.5,580.0,392.0,452.0,189.0,2576.0,624.5,859.5,295.0,1084.5,1063.5,1913.0,959.0,516.5,849.0,297.0,198.5,177.0,3274.0,2908.5,425.5,243.5,1829.0,2699.0,1651.5,624.75,Rbfox1
Ube2ql1,204.5,3139.0,1496.5,261.5,1143.5,1303.0,192.5,118.0,2716.5,1324.5,545.5,1129.5,9650.5,9145.0,748.0,8021.0,452.0,9563.5,1749.5,264.5,270.0,103.5,374.5,61.0,228.5,215.0,882.5,156.5,358.0,288.5,697.0,2637.5,213.5,49.0,300.0,199.5,141.0,385.0,94.0,160.5,4512.5,1737.5,293.5,861.0,804.0,864.0,2194.0,9865.0,782.0,1502.5,231.5,10191.0,308.0,694.5,10181.5,128.5,1009.5,1182.0,430.5,456.5,381.0,125.0,89.0,834.5,630.5,9983.0,999.0,2775.0,353.0,1134.5,374.5,270.0,599.5,270.5,377.5,94.5,218.0,188.0,2182.0,88.0,208.0,100.5,263.0,95.0,705.0,849.0,452.0,1534.5,616.5,2563.5,576.5,312.5,237.0,2609.5,1705.0,704.0,437.5,2836.0,390.0,408.0,1264.0,1501.5,166.0,2287.5,4455.0,3288.5,163.0,9448.5,3018.5,10151.5,385.5,1643.5,1354.0,157.5,269.0,365.0,108.5,181.5,259.5,3160.0,1413.5,3633.5,378.0,132.5,269.0,429.5,240.5,134.5,148.0,69.5,638.0,10270.5,197.5,148.0,1000.0,1572.0,5545.0,1260.5,885.5,10405.5,244.0,120.5,399.5,264.5,3598.5,3080.5,416.0,341.5,621.0,591.5,394.0,357.0,2419.0,3718.0,729.0,8018.0,907.0,523.5,278.5,9743.0,2981.0,699.0,952.0,564.5,1130.5,851.5,499.5,622.5,272.0,2947.5,658.5,970.0,879.0,3122.5,841.0,1535.0,172.5,1076.0,410.5,91.0,488.5,1115.0,1454.5,396.5,758.5,486.5,3870.5,148.0,1576.5,656.0,700.5,2814.5,10394.5,294.5,289.5,2754.5,365.0,2672.5,866.5,499.5,1208.5,239.5,3127.5,1483.5,10348.0,212.5,400.0,1922.0,311.5,10128.0,1303.5,9314.5,946.0,9560.0,2399.0,428.5,475.0,10210.5,422.0,8018.0,823.5,738.5,742.0,654.0,2809.0,120.5,642.5,201.0,203.5,76.5,120.5,559.0,230.0,1408.0,1467.5,612.5,1091.5,740.0,583.0,1538.5,1836.5,136.5,282.5,2572.0,237.5,78.5,8063.5,393.5,177.5,305.5,433.5,421.0,406.0,2795.5,2163.5,543.5,1397.5,59.5,276.5,147.5,1017.5,321.5,314.5,2839.5,4166.5,2466.5,187.5,1063.5,9451.0,959.0,132.5,396.0,1396.5,10234.5,290.0,10322.5,10070.0,924.5,1816.0,630.5,2699.0,3544.5,648.25,Ube2ql1
Hpcal4,132.5,806.0,3266.0,163.0,382.0,2957.0,139.0,118.0,1170.0,3001.5,9318.0,2759.0,9650.5,1437.5,1399.5,8021.0,666.0,382.5,152.5,134.0,668.5,260.5,168.5,195.0,174.5,2045.0,1560.0,2059.5,358.0,167.0,95.5,1075.5,142.0,581.0,90.5,667.0,96.0,816.0,528.5,194.0,1067.0,980.0,293.5,10378.0,3310.0,10316.5,2194.0,2533.5,1448.0,3264.0,2427.5,10191.0,774.5,1117.5,1423.0,2737.5,90.5,9973.5,430.5,456.5,173.0,1096.0,147.5,424.5,1415.0,620.5,999.0,625.0,583.0,207.5,65.0,407.5,106.0,105.0,1593.0,1489.5,347.5,272.0,49.0,488.5,265.5,561.5,692.5,164.5,3094.0,2280.5,201.0,514.5,616.5,2563.5,2655.5,2634.5,9669.5,1058.0,9324.5,9453.5,437.5,641.5,1622.0,266.5,10051.0,256.0,77.0,901.5,403.5,482.0,580.5,348.5,716.5,3035.5,385.5,392.5,446.0,157.5,703.5,207.0,141.5,267.0,135.5,3160.0,770.5,1799.5,1130.0,10671.0,200.0,299.5,122.0,183.5,776.0,290.0,316.5,1488.0,731.5,112.5,107.5,1572.0,1135.5,575.5,2241.0,593.5,93.5,263.0,546.5,107.5,1678.5,1361.5,517.5,2939.0,345.5,337.5,648.5,357.0,411.0,502.5,729.0,8018.0,2254.5,1515.5,80.5,498.5,10156.5,3109.5,1737.0,9941.5,457.0,10344.5,10399.0,10144.0,930.0,2947.5,235.0,4429.0,447.5,308.5,841.0,1535.0,106.5,1856.0,176.0,320.0,10600.5,290.0,1454.5,1243.0,1584.5,390.5,773.0,257.5,878.0,656.0,9541.0,2814.5,288.0,1077.5,289.5,1185.0,902.0,2672.5,10417.5,2611.5,1208.5,9835.5,3127.5,486.0,120.5,421.0,661.5,1922.0,2769.0,10128.0,1303.5,141.0,946.0,245.0,668.5,1384.5,2003.0,704.5,9791.5,8018.0,2181.5,9511.0,500.0,1282.5,622.5,151.0,1015.5,163.5,155.5,177.0,68.0,455.0,567.0,2303.0,1467.5,416.0,9895.5,10266.0,974.0,2492.0,178.5,107.5,138.5,526.0,130.0,131.5,48.5,4068.0,1924.0,305.5,918.0,2869.5,4111.5,171.5,416.5,1044.0,203.0,177.5,276.5,202.5,452.0,321.5,2576.0,10031.5,4166.5,295.0,150.5,3772.5,683.5,473.0,1020.5,849.0,297.0,10234.5,2648.0,1461.0,360.5,9828.5,1816.0,1829.0,2699.0,892.0,688.0,Hpcal4
Rragd,82.5,1440.0,807.5,457.0,1143.5,10106.5,479.5,288.5,1170.0,3001.5,1691.0,2759.0,811.0,427.0,10204.0,8021.0,319.0,9563.5,659.0,183.5,270.0,260.5,168.5,342.0,106.0,367.5,1560.0,1213.5,781.5,613.5,2436.0,1075.5,142.0,196.0,300.0,667.0,480.0,228.5,1056.5,136.0,1584.0,616.0,740.5,348.5,804.0,504.0,791.0,456.0,1448.0,1502.5,429.0,413.5,774.5,694.5,153.0,1173.0,419.0,617.0,703.0,456.5,929.0,704.5,477.0,2115.0,1415.0,1205.5,1763.5,373.5,787.5,574.5,236.0,407.5,964.5,147.0,377.5,177.0,347.5,730.0,2182.0,3263.5,169.0,824.5,2990.0,422.0,1346.0,2280.5,741.5,3255.5,2825.5,210.0,9932.5,539.5,831.0,2609.5,9324.5,9453.5,860.5,10040.5,907.5,2950.0,1264.0,256.0,1106.5,2287.5,4455.0,3288.5,9905.5,9448.5,1351.0,10151.5,10034.5,166.0,740.0,127.5,489.0,207.0,198.0,181.5,259.5,3160.0,3094.5,3633.5,10561.0,3927.5,3459.5,429.5,69.0,910.5,307.5,195.5,1198.5,3238.5,10177.0,201.0,295.5,3332.5,1563.0,822.0,1351.0,1736.5,156.0,400.5,1212.0,380.5,3598.5,10188.0,416.0,612.5,1286.5,2787.5,160.5,238.5,2419.0,273.0,288.0,8018.0,2254.5,1515.5,197.0,2385.5,2981.0,10234.0,1737.0,2670.5,3886.5,3367.5,840.0,10144.0,930.0,686.0,442.5,2434.0,1341.5,468.0,2283.0,10342.0,356.0,451.5,131.0,262.5,1936.0,290.0,1454.5,814.0,2593.5,390.5,221.5,193.5,1576.5,311.5,9541.0,10028.0,568.5,1077.5,2495.0,9982.5,3544.0,2672.5,10417.5,9909.0,226.0,2457.0,3127.5,800.0,160.5,258.0,2848.5,1922.0,1140.0,2947.0,660.5,264.0,1697.5,9560.0,668.5,734.0,475.0,704.5,2403.5,8018.0,823.5,2006.0,500.0,10054.0,236.5,490.5,301.5,139.0,155.5,1296.5,259.5,1870.5,230.0,1408.0,1467.5,88.5,318.5,3207.5,583.0,10921.5,243.0,635.5,503.0,526.0,2767.5,405.5,8063.5,4068.0,9464.0,459.5,433.5,1271.0,2147.0,246.0,2163.5,70.0,295.5,123.0,580.0,392.0,335.5,100.5,314.5,2839.5,1315.5,2466.5,245.5,651.0,683.5,959.0,2542.5,396.0,297.0,456.0,290.0,1461.0,10070.0,924.5,75.0,3759.0,2699.0,1651.5,812.5,Rragd
Fscn1,114.5,161.0,1496.5,927.5,732.5,676.0,936.5,238.5,1170.0,10143.5,545.5,2759.0,9650.5,427.0,10204.0,8021.0,3655.0,810.0,446.0,2969.0,270.0,87.0,168.5,257.0,228.5,1215.0,380.5,401.5,2075.5,613.5,513.0,2637.5,333.0,196.0,300.0,955.5,174.0,295.0,1056.5,770.5,1584.0,425.0,3147.5,1580.5,3310.0,504.0,2194.0,2533.5,782.0,3264.0,2427.5,3067.0,1412.0,470.5,3110.5,96.5,541.5,9973.5,2925.0,456.5,1281.0,125.0,477.0,4002.5,2305.5,366.5,999.0,10000.5,1107.5,1134.5,160.0,674.0,134.5,384.0,210.0,329.0,347.5,188.0,146.5,330.5,136.0,70.5,263.0,220.0,411.5,2280.5,1373.5,514.5,2825.5,9864.5,9932.5,2634.5,2223.0,525.5,1705.0,704.0,2200.5,2836.0,3360.0,2950.0,1264.0,1501.5,1106.5,901.5,996.0,10310.5,9905.5,348.5,716.5,1355.0,10034.5,3347.5,446.0,1049.0,703.5,108.0,768.0,267.0,332.5,463.0,10177.5,1799.5,1130.0,482.0,394.0,103.0,240.5,691.5,72.0,290.0,852.5,10270.5,731.5,1887.5,428.5,361.5,5545.0,575.5,449.5,981.5,599.0,400.5,234.5,140.5,899.0,715.0,517.5,2939.0,10123.0,143.0,394.0,9925.0,722.5,749.0,438.0,8018.0,907.0,712.5,695.0,2385.5,10156.5,10234.0,952.0,9941.5,3886.5,851.5,499.5,1272.0,2290.0,2947.5,1737.5,1466.5,879.0,1418.0,2283.0,318.0,356.0,190.0,410.5,218.5,139.5,796.5,1454.5,2099.5,1584.5,618.5,298.0,193.5,252.0,442.5,2012.0,1188.5,10394.5,9955.0,1021.0,2754.5,902.0,2672.5,1606.5,499.5,1208.5,2457.0,3127.5,1483.5,931.0,719.0,266.5,9469.5,311.5,353.0,1303.5,582.0,3550.0,2108.0,976.0,734.0,333.5,704.5,2403.5,8018.0,2181.5,197.5,742.0,386.5,362.5,490.5,642.5,325.5,118.0,2907.0,850.5,1870.5,9926.0,1408.0,779.0,612.5,318.5,3207.5,974.0,4459.5,3662.0,308.5,503.0,2572.0,1207.0,282.0,8063.5,801.5,9464.0,10161.5,433.5,2869.5,808.5,625.5,2163.5,2517.0,1397.5,857.5,89.5,682.0,1764.0,383.5,2576.0,10031.5,1315.5,9811.0,686.0,1889.5,317.0,2380.5,9865.5,2254.5,87.0,756.0,2648.0,460.5,633.0,2454.0,9414.0,630.5,1055.5,251.5,868.25,Fscn1
Prkca,176.0,3139.0,1496.5,927.5,1143.5,2957.0,479.5,238.5,9951.5,1324.5,9318.0,1129.5,357.0,9145.0,3112.0,8021.0,3655.0,382.5,121.5,134.0,409.5,87.0,284.0,680.0,777.5,273.0,1560.0,1213.5,2075.5,1788.5,513.0,537.5,142.0,581.0,476.0,1445.5,366.5,75.5,528.5,348.5,1067.0,10477.0,3147.5,861.0,1511.5,1606.0,202.5,2533.5,1448.0,3264.0,932.0,1337.5,3154.0,694.5,466.0,2737.5,419.0,9973.5,1315.5,2343.0,314.5,472.5,274.0,583.0,215.5,1205.5,632.0,10000.5,229.5,1134.5,192.0,10082.0,964.5,200.0,547.5,177.0,347.5,730.0,100.5,239.5,1342.5,144.5,1326.0,164.5,411.5,2280.5,1373.5,1534.5,10036.0,9864.5,339.5,539.5,2223.0,289.5,9324.5,9453.5,9638.5,10040.5,1622.0,408.0,10051.0,3152.5,209.0,9699.5,527.0,1515.5,1103.5,722.0,1351.0,426.0,2849.0,921.5,2993.0,195.5,113.0,495.0,108.5,135.5,164.5,1446.5,770.5,10485.0,3803.5,717.0,1688.0,429.5,321.0,208.5,553.0,166.0,213.0,1488.0,10177.0,172.5,1735.0,864.0,861.0,2086.0,10786.0,205.0,323.5,263.0,78.0,264.5,1678.5,1361.5,416.0,341.5,214.5,1180.5,160.5,357.0,1008.0,1167.0,288.0,8018.0,1351.0,4574.0,1287.0,2385.5,2981.0,3109.5,373.0,1110.5,1130.5,3367.5,1591.5,2989.5,930.0,2947.5,1737.5,2434.0,180.5,772.0,841.0,485.0,356.0,1856.0,1344.5,91.0,1123.5,2634.5,791.0,1243.0,758.5,486.5,171.0,257.5,878.0,656.0,700.5,2814.5,568.5,535.5,510.0,625.5,902.0,9936.0,10417.5,1042.0,633.5,2457.0,1406.5,486.0,403.0,421.0,10036.5,1922.0,311.5,1235.0,1303.5,264.0,157.0,9560.0,487.0,1384.5,1158.5,3097.5,901.5,8018.0,2181.5,738.5,347.0,1282.5,10015.5,238.0,228.0,79.0,118.0,1296.5,610.0,711.5,567.0,207.5,196.0,878.5,2611.0,1427.0,1750.0,1538.5,1040.0,72.5,138.5,1053.0,1207.0,282.0,8063.5,553.5,1924.0,305.5,2378.0,1271.0,808.5,373.5,2163.5,324.5,458.0,219.5,392.0,509.0,452.0,189.0,537.5,2839.5,612.5,496.0,110.5,3772.5,9451.0,9747.0,516.5,2254.5,736.5,756.0,2648.0,1461.0,2908.5,2454.0,1816.0,275.5,9987.0,355.5,871.0,Prkca
Egr1,97.5,507.5,1496.5,2444.0,1143.5,256.0,227.0,94.0,611.5,1324.5,545.5,2759.0,811.0,1437.5,1399.5,8021.0,1026.0,122.5,86.0,409.5,1299.5,87.0,139.0,257.0,319.5,367.5,3343.5,298.5,9551.0,998.5,311.5,1075.5,432.5,386.5,300.0,667.0,224.0,178.5,528.5,446.5,1067.0,1737.5,740.5,861.0,3310.0,3355.0,357.0,9865.0,473.0,1502.5,2427.5,10191.0,3154.0,10598.5,1423.0,598.5,205.0,244.0,1315.5,9717.5,695.5,472.5,123.5,257.0,630.5,9983.0,999.0,625.0,1107.5,1134.5,160.0,407.5,83.0,905.0,210.0,3187.5,583.5,140.0,9632.5,807.0,169.0,824.5,10121.0,618.5,411.5,849.0,1373.5,3255.5,2825.5,9864.5,9932.5,2634.5,831.0,525.5,1705.0,1915.5,437.5,641.5,10318.5,2950.0,10051.0,841.0,501.5,2287.5,1501.5,3288.5,2627.0,1933.0,10141.5,713.5,2849.0,1643.5,2993.0,52.0,214.0,94.5,86.0,267.0,848.5,3160.0,770.5,3633.5,1130.0,1986.5,394.0,633.0,59.5,101.5,72.0,236.0,485.0,3238.5,3078.5,541.0,10387.5,864.0,1135.5,822.0,2241.0,205.0,871.0,263.0,234.5,190.0,534.0,428.0,1816.0,1226.0,1286.5,1180.5,394.0,9925.0,722.5,213.0,729.0,8018.0,4218.0,1009.5,427.5,9743.0,10156.5,3109.5,1737.0,564.5,1981.0,3367.5,1591.5,1272.0,930.0,1297.5,1737.5,4429.0,222.0,3122.5,379.5,822.0,457.5,147.5,3023.5,1033.0,3825.5,450.5,3130.0,4084.5,1066.0,1710.5,171.0,360.5,878.0,442.5,2012.0,176.0,10394.5,2666.0,2495.0,1185.0,1661.0,2672.5,505.0,2611.5,10038.5,909.5,3127.5,800.0,120.5,421.0,661.5,9469.5,2769.0,1235.0,660.5,1704.5,3550.0,824.0,2399.0,3089.0,1158.5,704.5,901.5,8018.0,2181.5,2006.0,2052.5,10054.0,10015.5,238.0,642.5,325.5,279.0,125.0,99.0,711.5,2644.5,1408.0,1467.5,245.5,9895.5,1427.0,583.0,400.0,140.0,42.0,282.5,1053.0,620.0,160.0,8063.5,553.5,1924.0,214.0,2378.0,421.0,1255.5,1203.0,846.0,214.0,109.0,343.0,927.5,124.5,1017.5,123.0,2576.0,2839.5,859.5,2466.5,686.0,3772.5,1913.0,959.0,516.5,849.0,1396.5,756.0,9929.5,460.5,360.5,924.5,123.0,630.5,9987.0,103.5,889.75,Egr1
Ppp3ca,1025.5,3139.0,1496.5,2444.0,3868.0,394.0,479.5,362.0,2716.5,711.5,1691.0,1129.5,122.0,9145.0,748.0,8021.0,3655.0,9563.5,243.0,183.5,1299.5,691.0,168.5,342.0,477.5,85.5,380.5,1213.5,9551.0,613.5,203.0,537.5,174.5,196.0,3097.0,2351.5,224.0,178.5,182.0,770.5,1067.0,1737.5,740.5,523.0,473.0,1606.0,9649.5,9865.0,782.0,161.0,932.0,3067.0,308.0,1117.5,302.0,2737.5,419.0,1182.0,430.5,941.0,929.0,472.5,638.0,4002.5,922.0,620.5,1763.5,2775.0,1644.0,574.5,374.5,1270.5,166.0,1624.0,127.0,1489.5,147.0,188.0,2182.0,3263.5,467.0,561.5,1326.0,303.0,3094.0,9711.0,1373.5,337.0,2825.5,317.5,2655.5,2634.5,2223.0,2609.5,9324.5,9453.5,2200.5,10040.5,10318.5,1275.0,1264.0,841.0,715.0,453.0,4455.0,3288.5,2627.0,348.5,10141.5,713.5,1237.0,1643.5,1354.0,469.5,489.0,712.0,768.0,181.5,602.5,1446.5,3094.5,1012.0,519.5,1149.5,100.5,1723.0,321.0,1250.0,236.5,446.0,384.0,1488.0,731.5,285.0,1735.0,1572.0,5545.0,1260.5,1351.0,981.5,156.0,77.5,302.0,1599.5,534.0,137.0,803.5,10127.5,621.0,10005.5,2675.0,1127.0,1495.0,749.0,729.0,8018.0,2254.5,2503.5,695.0,2385.5,595.5,699.0,952.0,2670.5,692.5,340.5,840.0,2989.5,472.5,2947.5,1009.0,1466.5,607.5,772.0,9712.0,1535.0,207.0,1856.0,176.0,47.5,3825.5,796.5,3130.0,814.0,2593.5,4726.0,96.0,148.0,3274.0,1026.5,700.5,2814.5,1670.5,535.5,140.5,2754.5,902.0,9936.0,1606.5,2611.5,633.5,2457.0,302.5,3241.5,403.0,719.0,661.5,668.5,10005.0,353.0,1303.5,582.0,203.5,2108.0,668.5,734.0,3899.0,426.0,901.5,8018.0,9637.5,738.5,4061.5,245.0,10015.5,941.5,301.5,247.0,389.0,680.5,610.0,946.0,1093.5,2303.0,779.0,160.0,562.0,3207.5,974.0,1022.0,659.0,174.0,282.5,1053.0,620.0,405.5,8063.5,393.5,9464.0,10161.5,9764.5,1271.0,2147.0,373.5,238.0,543.5,3057.0,271.0,580.0,509.0,1017.5,593.5,2576.0,122.0,859.5,295.0,1084.5,1889.5,9451.0,9747.0,191.0,2254.5,454.0,1429.0,177.0,10322.5,107.5,9828.5,1816.0,1015.0,515.0,3544.5,936.5,Ppp3ca
Prkcb,571.5,806.0,10302.0,2444.0,1979.0,2957.0,2334.0,596.5,611.5,1324.5,237.5,2759.0,9650.5,427.0,1399.5,8021.0,1026.0,2103.5,659.0,682.0,10083.5,471.5,168.5,195.0,477.5,174.0,1560.0,1213.5,9551.0,998.5,4335.5,9925.5,267.0,122.0,1461.0,4294.5,660.5,546.0,528.5,770.5,550.0,3588.0,1409.0,861.0,804.0,864.0,2194.0,9865.0,307.0,3264.0,9801.5,1337.5,3154.0,694.5,761.0,2737.5,419.0,370.5,430.5,9717.5,1845.5,194.5,638.0,4002.5,1415.0,2775.5,1763.5,243.5,452.5,9970.0,291.5,674.0,212.0,569.0,160.5,128.0,218.0,140.0,2182.0,330.5,467.0,409.0,183.5,422.0,3094.0,2280.5,3107.5,3255.5,2825.5,527.0,1108.5,312.5,2223.0,2609.5,9324.5,704.0,860.5,1225.0,575.0,10111.5,655.5,3152.5,715.0,2287.5,1501.5,10310.5,9905.5,1933.0,285.5,1355.0,1237.0,1643.5,1354.0,195.5,138.0,365.0,108.5,628.0,332.5,1446.5,486.0,1012.0,519.5,1149.5,969.5,130.0,321.0,246.5,776.0,166.0,4798.0,1488.0,1380.5,1286.5,1735.0,864.0,362.0,2086.0,449.5,10405.5,599.0,222.0,1212.0,561.5,3598.5,3080.5,803.5,2939.0,2988.5,2787.5,264.0,2660.0,4404.0,1167.0,10144.5,8018.0,209.0,1009.5,10043.5,975.0,2981.0,3109.5,3618.5,2670.5,1130.5,170.0,1591.5,2989.5,2290.0,686.0,658.5,302.0,607.5,1418.0,9712.0,822.0,145.5,451.5,696.5,320.0,1123.5,796.5,3130.0,552.5,543.0,1149.5,392.5,75.0,539.5,3520.5,2012.0,1188.5,10394.5,9955.0,1021.0,2754.5,1661.0,9936.0,3451.5,1042.0,2825.0,909.5,1406.5,10281.5,285.0,323.0,1251.0,668.5,10005.0,1235.0,2995.0,9314.5,946.0,9560.0,2399.0,428.5,247.5,704.5,901.5,8018.0,2181.5,2006.0,742.0,245.0,1208.5,238.0,301.5,614.5,203.5,680.5,610.0,946.0,347.5,2303.0,1467.5,416.0,2611.0,1427.0,374.5,539.5,3662.0,435.5,216.5,2572.0,2767.5,405.5,8063.5,4068.0,1924.0,1387.0,2378.0,2869.5,808.5,373.5,9603.5,543.5,1397.5,857.5,927.5,509.0,653.0,962.5,1053.0,1225.5,272.5,496.0,1864.5,294.0,317.0,270.0,191.0,849.0,1396.5,756.0,9929.5,3274.0,153.0,2454.0,1816.0,1829.0,515.0,355.5,1016.5,Prkcb
Cx3cl1,204.5,1440.0,10302.0,2444.0,382.0,1303.0,936.5,199.0,2716.5,3001.5,9318.0,2759.0,188.5,427.0,748.0,8021.0,1803.0,2103.5,446.0,134.0,409.5,157.5,284.0,195.0,136.0,273.0,3343.5,1213.5,781.5,613.5,392.0,2637.5,267.0,933.0,3097.0,378.5,660.5,2187.5,182.0,84.0,1584.0,225.5,740.5,523.0,1511.5,864.0,791.0,2533.5,473.0,1502.5,932.0,693.0,774.5,1117.5,1423.0,2737.5,419.0,9973.5,1315.5,251.0,695.5,151.5,177.0,834.5,2305.5,1205.5,297.0,625.0,1107.5,326.5,506.5,674.0,401.5,200.0,1593.0,329.0,1128.5,188.0,146.5,179.0,354.5,186.5,692.5,984.0,3094.0,849.0,10217.0,3255.5,10036.0,2563.5,9932.5,9928.5,2223.0,2609.5,556.0,704.0,860.5,1225.0,1622.0,1275.0,1264.0,3152.5,110.0,2287.5,996.0,1515.5,356.5,9448.5,3018.5,1355.0,639.0,921.5,1354.0,255.5,1861.5,1136.5,768.0,628.0,259.5,10221.0,3094.5,10485.0,1130.0,1986.5,269.0,1723.0,452.5,246.5,183.0,575.0,1198.5,1488.0,438.0,699.5,1000.0,543.5,1563.0,1260.5,4184.5,408.0,1308.5,189.0,302.0,890.0,534.0,10188.0,1353.0,1226.0,2988.5,10005.5,1729.0,588.0,1008.0,102.0,1350.5,8018.0,1351.0,1515.5,2881.0,2385.5,1232.5,259.5,3618.5,1110.5,10629.5,10344.5,230.5,1272.0,472.5,10102.5,1737.5,681.0,4055.5,468.0,379.5,10342.0,356.0,672.0,696.5,407.5,712.0,290.0,1454.5,552.5,543.0,486.5,392.5,540.0,3274.0,10398.5,700.5,1188.5,3472.5,1077.5,9824.5,1185.0,1661.0,588.5,10417.5,282.0,2825.0,9835.5,3127.5,325.5,1642.5,421.0,1251.0,9469.5,10005.0,619.5,1303.5,1704.5,3550.0,9560.0,1488.5,10197.5,475.0,10210.5,9791.5,8018.0,9637.5,9511.0,4061.5,2900.5,622.5,304.0,1015.5,201.0,279.0,1296.5,259.5,711.5,1093.5,457.0,3222.0,198.0,2611.0,10266.0,974.0,400.0,1040.0,1759.5,503.0,9869.5,2767.5,208.5,8063.5,2126.5,9464.0,1387.0,433.5,2869.5,2147.0,2795.5,9603.5,1044.0,109.0,442.5,392.0,313.0,1764.0,225.0,2576.0,1225.5,4166.5,9811.0,686.0,294.0,683.5,959.0,2542.5,9684.0,454.0,10234.5,2648.0,1461.0,1266.0,924.5,9414.0,3759.0,515.0,1651.5,1123.0,Cx3cl1
Celf5,1025.5,3139.0,10302.0,457.0,1979.0,1303.0,2334.0,288.5,1170.0,3001.5,1691.0,10004.5,9650.5,9145.0,1399.5,8021.0,10498.0,2103.5,325.5,1310.5,1299.5,343.5,374.5,257.0,777.5,85.5,380.5,1213.5,2075.5,1788.5,95.5,2637.5,267.0,386.5,201.0,2351.5,934.5,228.5,1056.5,446.5,10972.0,1737.5,3147.5,82.0,1511.5,864.0,9649.5,9865.0,3197.0,793.5,429.0,3067.0,1412.0,1117.5,1423.0,1173.0,541.5,2747.5,2925.0,2343.0,929.0,104.0,274.0,4002.5,1415.0,1205.5,632.0,10000.5,583.0,1134.5,98.5,407.5,599.5,384.0,3336.5,3187.5,147.0,430.5,824.5,10290.0,265.5,238.5,692.5,1738.5,10216.5,9711.0,1373.5,10266.5,2825.5,1050.5,576.5,2634.5,9669.5,2609.5,9324.5,1915.5,9638.5,10040.5,575.0,2950.0,1264.0,3152.5,366.0,170.5,996.0,1515.5,356.5,722.0,3018.5,3035.5,1237.0,10302.0,1354.0,1788.5,1093.0,270.0,463.0,400.0,848.5,10221.0,3094.5,10485.0,1960.5,482.0,394.0,299.5,452.5,355.5,406.0,360.5,384.0,1488.0,3078.5,421.0,642.0,864.0,1563.0,822.0,334.5,205.0,871.0,189.0,302.0,1599.5,346.5,3080.5,643.5,1226.0,2988.5,337.5,856.0,588.0,1495.0,1944.5,3015.5,8018.0,1351.0,712.5,427.5,2385.5,595.5,3109.5,3618.5,2670.5,1981.0,10344.5,3438.0,1272.0,2290.0,404.0,3506.5,2434.0,607.5,772.0,198.0,485.0,1643.5,1856.0,410.5,320.0,488.5,1652.5,1454.5,552.5,1584.5,486.5,1168.0,193.5,3274.0,3520.5,99.0,10028.0,1670.5,2666.0,2495.0,625.5,10469.5,9936.0,1606.5,2611.5,633.5,909.5,3127.5,800.0,403.0,719.0,2848.5,9469.5,2769.0,2947.0,660.5,9314.5,575.0,409.5,1488.5,428.5,2003.0,3097.5,2403.5,8018.0,823.5,2006.0,2052.5,1282.5,622.5,377.0,1015.5,325.5,571.5,261.5,335.5,946.0,2644.5,916.0,1467.5,136.5,2611.0,3207.5,3691.0,2492.0,3662.0,435.5,727.0,9869.5,620.0,208.5,48.5,1250.5,690.5,10161.5,2378.0,1271.0,1255.5,1203.0,2163.5,214.0,458.0,123.0,206.5,956.0,1017.5,160.0,314.5,363.5,340.0,2466.5,1864.5,1889.5,9451.0,959.0,516.5,849.0,736.5,3171.0,509.0,3274.0,10070.0,425.5,586.0,3759.0,515.0,355.5,1209.5,Celf5
Psd,349.0,10216.0,807.5,457.0,732.5,10106.5,1436.5,596.5,9951.5,711.5,1691.0,10004.5,9650.5,9145.0,1399.5,8021.0,1026.0,2103.5,446.0,2969.0,409.5,471.5,515.5,680.0,1408.0,2045.0,3343.5,798.0,9551.0,613.5,513.0,2637.5,856.5,386.5,90.5,955.5,224.0,295.0,295.0,348.5,1584.0,3588.0,1409.0,1580.5,3310.0,241.5,791.0,2533.5,3197.0,1502.5,429.0,413.5,10249.0,694.5,10181.5,598.5,718.0,370.5,1315.5,456.5,1845.5,342.0,904.0,2115.0,922.0,2775.5,3593.5,10000.5,1644.0,9970.0,988.5,674.0,401.5,905.0,85.5,502.5,583.5,84.0,231.0,1501.5,265.5,304.5,1326.0,303.0,3094.0,2280.5,3107.5,1534.5,10036.0,2563.5,2655.5,9928.5,404.0,2609.5,9324.5,704.0,2200.5,10040.5,1622.0,1275.0,2874.0,3152.5,272.0,170.5,996.0,10310.5,2627.0,722.0,1351.0,10151.5,2849.0,568.5,288.0,1049.0,3641.0,131.5,463.0,400.0,332.5,10221.0,1413.5,10485.0,733.0,3927.5,608.5,103.0,671.0,910.5,183.0,360.5,852.5,10270.5,10177.0,1286.5,428.5,864.0,861.0,2086.0,4184.5,981.5,323.5,68.5,121.5,380.5,10510.0,10188.0,2556.0,1226.0,2988.5,10005.5,502.5,588.0,2419.0,1167.0,3015.5,8018.0,447.5,11006.5,2881.0,975.0,2981.0,10234.0,3618.5,2670.5,10629.5,340.5,10399.0,2989.5,272.0,1297.5,1009.0,4429.0,879.0,3122.5,2283.0,822.0,591.0,325.0,258.0,320.0,712.0,1115.0,325.5,1243.0,4639.5,4726.0,773.0,257.5,3274.0,656.0,9541.0,605.0,919.0,2666.0,1021.0,625.5,3544.0,1125.0,10417.5,9909.0,2825.0,9835.5,3127.5,486.0,931.0,542.0,2848.5,299.0,2769.0,10128.0,660.5,9314.5,1697.5,9560.0,2399.0,10197.5,10629.5,1350.0,9791.5,8018.0,823.5,9511.0,4061.5,2900.5,622.5,238.0,301.5,614.5,571.5,406.0,444.0,1870.5,347.5,4233.5,1467.5,416.0,9895.5,3207.5,1750.0,1022.0,1836.5,174.0,503.0,526.0,620.0,282.0,8063.5,1250.5,325.5,10161.5,9764.5,2869.5,2147.0,625.5,2163.5,543.5,203.0,271.0,927.5,1449.5,335.5,225.0,314.5,624.5,1315.5,496.0,1864.5,651.0,683.5,2380.5,1020.5,2254.5,10238.5,1429.0,509.0,3274.0,2908.5,924.5,586.0,1015.0,2699.0,10474.5,1234.5,Psd
Grin1,1025.5,806.0,10302.0,927.5,3868.0,2957.0,1436.5,778.0,2716.5,3001.5,9318.0,1129.5,2205.0,1437.5,10204.0,8021.0,10498.0,810.0,243.0,2969.0,668.5,1856.5,753.0,257.0,477.5,367.5,3343.5,401.5,9551.0,613.5,203.0,2637.5,596.0,581.0,476.0,955.5,286.5,816.0,1056.5,348.5,2513.5,1737.5,442.5,861.0,3310.0,3355.0,9649.5,9865.0,782.0,1502.5,2427.5,10191.0,467.0,470.5,1423.0,9971.5,419.0,2747.5,2925.0,9717.5,314.5,342.0,1350.0,424.5,1415.0,1205.5,3593.5,625.0,2656.0,9970.0,236.0,2905.0,964.5,270.5,210.0,235.5,218.0,730.0,399.5,807.0,354.5,70.5,263.0,422.0,1346.0,9711.0,3107.5,10266.5,2825.5,9864.5,9932.5,9928.5,2223.0,2609.5,9324.5,9453.5,9638.5,2836.0,3360.0,1275.0,2874.0,371.5,272.0,261.0,403.5,3288.5,9905.5,9448.5,3018.5,1355.0,639.0,568.5,740.0,343.0,352.5,365.0,463.0,327.5,440.5,463.0,770.5,10485.0,1130.0,1986.5,969.5,299.5,1056.5,545.0,406.0,290.0,638.0,787.5,731.5,541.0,1735.0,195.0,1563.0,421.5,2241.0,10405.5,244.0,400.5,546.5,561.5,3598.5,3080.5,643.5,10127.5,2988.5,2787.5,314.5,1127.0,1495.0,1167.0,729.0,8018.0,447.5,2503.5,1287.0,2385.5,1232.5,3109.5,1737.0,9941.5,3886.5,851.5,10399.0,2989.5,2290.0,2947.5,442.5,1466.5,1341.5,3122.5,2283.0,1535.0,591.0,451.5,696.5,320.0,1123.5,1115.0,791.0,1243.0,1584.5,4726.0,298.0,148.0,878.0,656.0,700.5,10028.0,1670.5,9955.0,9824.5,1185.0,1661.0,1125.0,3451.5,1042.0,10038.5,2457.0,10212.5,1483.5,593.5,542.0,266.5,1922.0,2769.0,1235.0,1303.5,9314.5,10461.0,824.0,1488.5,1384.5,2003.0,1350.0,9791.5,8018.0,823.5,2006.0,500.0,1282.5,10015.5,490.5,10405.5,247.0,279.0,2907.0,610.0,381.0,1093.5,1408.0,1467.5,245.5,2611.0,3207.5,3691.0,2492.0,10492.5,226.5,503.0,9869.5,2767.5,3493.0,8063.5,4068.0,1924.0,3056.5,918.0,2869.5,808.5,10006.5,2163.5,140.0,1397.5,271.0,206.5,956.0,10451.0,110.0,1053.0,2839.5,4166.5,2466.5,1864.5,3772.5,9451.0,2380.5,1020.5,849.0,736.5,756.0,509.0,10322.5,1266.0,924.5,1816.0,1829.0,1055.5,539.0,1322.5,Grin1
Grb2,152.0,1440.0,3266.0,9828.5,732.5,676.0,1436.5,163.0,2716.5,10143.5,1691.0,1129.5,2205.0,427.0,10204.0,8021.0,1803.0,9563.5,446.0,682.0,2944.5,1075.5,753.0,680.0,319.5,139.5,10344.0,798.0,2075.5,10478.0,165.5,9925.5,856.5,196.0,808.5,955.5,141.0,140.0,295.0,348.5,2513.5,616.0,740.5,1580.5,3310.0,241.5,791.0,2533.5,1448.0,1502.5,2427.5,413.5,3154.0,3814.5,1423.0,9971.5,251.5,2747.5,703.0,2343.0,2870.0,194.5,357.0,424.5,10883.0,2775.5,1763.5,1188.5,452.5,9970.0,291.5,2905.0,599.5,384.0,281.0,3187.5,218.0,730.0,9632.5,3263.5,879.5,1299.0,1326.0,81.0,3094.0,9711.0,452.0,3255.5,2825.5,2563.5,2655.5,1068.0,9669.5,2609.5,9324.5,704.0,2200.5,641.5,10318.5,1275.0,10051.0,3152.5,209.0,2287.5,4455.0,10310.5,2627.0,1933.0,3018.5,3035.5,10034.5,921.5,1354.0,343.0,1093.0,365.0,768.0,181.5,259.5,767.5,10177.5,1012.0,1130.0,1149.5,394.0,429.5,321.0,355.5,776.0,446.0,852.5,3238.5,1380.5,541.0,1735.0,1572.0,1563.0,575.5,2241.0,593.5,323.5,120.5,180.5,264.5,899.0,1361.5,3744.5,10127.5,621.0,2787.5,137.0,1127.0,4404.0,1944.5,10144.5,8018.0,4218.0,2503.5,695.0,2385.5,595.5,409.0,10497.5,2670.5,1130.5,3367.5,1591.5,10144.0,930.0,10102.5,3506.5,2434.0,607.5,3122.5,9712.0,822.0,145.5,672.0,696.5,538.5,1123.5,1652.5,3130.0,10759.5,758.5,1149.5,221.5,148.0,10268.0,1772.5,320.0,2814.5,388.5,2666.0,2495.0,2754.5,3544.0,588.5,1606.5,1042.0,2825.0,2457.0,1406.5,3241.5,593.5,719.0,661.5,9469.5,10005.0,619.5,2995.0,9314.5,1697.5,9560.0,4378.5,3089.0,3899.0,704.5,2403.5,8018.0,9637.5,9511.0,1178.5,2900.5,10015.5,941.5,426.5,861.5,1631.5,406.0,1274.5,1870.5,2644.5,1408.0,779.0,304.0,2611.0,1427.0,3691.0,4459.5,3662.0,136.5,171.5,526.0,2767.5,616.5,8063.5,553.5,9464.0,10161.5,2378.0,691.0,315.5,10006.5,416.5,324.5,458.0,76.5,276.5,509.0,653.0,160.0,9881.0,2839.5,1315.5,987.5,10474.5,1063.5,1913.0,9747.0,1020.5,396.0,1396.5,10234.5,123.0,3274.0,1266.0,924.5,1816.0,630.5,9987.0,892.0,1388.5,Grb2
Nrep,759.5,3139.0,1496.5,2444.0,732.5,2957.0,2334.0,465.0,9951.5,3001.5,1691.0,2759.0,9650.5,9145.0,10204.0,8021.0,10498.0,9563.5,446.0,409.5,1299.5,157.5,215.5,680.0,777.5,367.5,10344.0,3945.5,9551.0,3626.5,252.5,9925.5,432.5,196.0,476.0,2351.5,174.0,110.0,182.0,348.5,1067.0,3588.0,3147.5,3399.5,473.0,504.0,2194.0,9865.0,3197.0,3264.0,429.0,1337.5,3154.0,694.5,761.0,9971.5,4343.5,9973.5,293.5,941.0,695.5,1857.5,638.0,583.0,630.5,2775.5,3593.5,243.5,787.5,574.5,699.0,1270.5,1673.5,147.0,547.5,128.0,583.5,2910.5,100.5,114.5,354.5,561.5,135.0,984.0,1346.0,2280.5,1373.5,1534.5,10036.0,2563.5,339.5,2634.5,831.0,1058.0,1705.0,9453.5,860.5,641.5,3360.0,1275.0,10051.0,1501.5,1880.5,901.5,1501.5,10310.5,2627.0,1933.0,10141.5,713.5,1237.0,921.5,740.0,255.5,1861.5,495.0,463.0,216.0,602.5,10221.0,1413.5,3633.5,10561.0,3927.5,608.5,429.5,452.5,910.5,553.0,290.0,485.0,787.5,438.0,1887.5,3492.5,864.0,1135.5,822.0,4184.5,3501.5,2132.5,321.5,143.5,264.5,10510.0,3080.5,1027.0,10127.5,2988.5,2787.5,1194.0,2660.0,1495.0,1944.5,3015.5,8018.0,1351.0,1009.5,1287.0,2385.5,595.5,3109.5,952.0,2670.5,1981.0,340.5,3438.0,215.5,9680.5,10102.5,3506.5,1466.5,10676.5,1418.0,198.0,3333.5,457.5,32.0,176.0,4457.5,1936.0,796.5,1454.5,2099.5,2593.5,1710.5,96.0,869.0,3274.0,1772.5,2012.0,2814.5,388.5,2666.0,2495.0,9982.5,550.0,588.5,505.0,2611.5,10038.5,2457.0,10212.5,1483.5,285.0,421.0,2848.5,668.5,2769.0,619.5,2995.0,264.0,946.0,2108.0,1488.5,1384.5,3899.0,704.5,9791.5,8018.0,823.5,2006.0,4061.5,2900.5,362.5,941.5,177.0,614.5,1631.5,177.0,1274.5,1308.5,230.0,2303.0,1467.5,1311.0,2611.0,3207.5,145.0,732.0,10492.5,174.0,216.5,1053.0,2767.5,208.5,8063.5,393.5,1924.0,10161.5,918.0,2869.5,2147.0,373.5,2163.5,2517.0,10153.0,857.5,276.5,2375.5,1017.5,962.5,537.5,624.5,1315.5,2466.5,1084.5,1889.5,1913.0,2380.5,303.0,2254.5,1396.5,1429.0,9929.5,1461.0,360.5,2454.0,586.0,1829.0,2699.0,1651.5,1423.5,Nrep
Gda,287.0,3139.0,10302.0,2444.0,515.0,2957.0,4243.0,73.5,2716.5,1324.5,1691.0,10004.5,9650.5,1437.5,10204.0,8021.0,3655.0,2103.5,86.0,264.5,270.0,1075.5,515.5,342.0,777.5,174.0,1560.0,2059.5,9551.0,3626.5,95.5,1075.5,333.0,581.0,300.0,667.0,141.0,2187.5,295.0,770.5,1067.0,3588.0,442.5,861.0,309.5,504.0,791.0,456.0,1448.0,3264.0,932.0,3067.0,3154.0,3814.5,1423.0,9971.5,251.5,9973.5,10071.5,9717.5,1281.0,342.0,123.5,4002.5,4308.0,366.5,999.0,2775.0,787.5,207.5,506.5,1270.5,401.5,105.0,160.5,128.0,347.5,730.0,9632.5,1501.5,467.0,1299.0,10121.0,618.5,3094.0,2280.5,3107.5,3255.5,2825.5,2563.5,2655.5,9928.5,9669.5,2609.5,9324.5,9453.5,2200.5,2836.0,907.5,10111.5,2874.0,1501.5,77.0,2287.5,996.0,10310.5,1103.5,9448.5,1351.0,713.5,10034.5,3347.5,2993.0,343.0,113.0,1951.5,463.0,216.0,164.5,767.5,10177.5,1012.0,1960.5,3927.5,969.5,993.5,149.0,910.5,123.0,236.0,485.0,1488.0,3078.5,4975.5,10387.5,10317.0,2243.0,2086.0,2241.0,3501.5,435.0,263.0,180.5,1599.5,10510.0,10188.0,1816.0,2939.0,2988.5,10005.5,264.0,2660.0,1495.0,502.5,438.0,8018.0,2254.5,1515.5,2881.0,2385.5,10156.5,699.0,3618.5,9941.5,692.5,10344.5,3438.0,2989.5,472.5,686.0,442.5,970.0,222.0,10207.0,9712.0,318.0,172.5,451.5,258.0,320.0,1936.0,1115.0,234.5,552.5,4639.5,1149.5,138.5,869.0,878.0,442.5,9541.0,2814.5,919.0,1077.5,1021.0,1185.0,3544.0,9936.0,1606.5,2611.5,10038.5,9835.5,3127.5,10281.5,403.0,92.5,1251.0,1922.0,10005.0,10128.0,1303.5,9314.5,10461.0,9560.0,4378.5,1384.5,725.0,3097.5,9791.5,8018.0,2181.5,2006.0,2052.5,10054.0,1208.5,151.0,91.5,118.0,571.5,261.5,259.5,946.0,2644.5,457.0,453.5,416.0,1091.5,10266.0,3691.0,732.0,457.0,999.5,216.5,9869.5,1207.0,160.0,8063.5,10733.5,9464.0,1387.0,918.0,2869.5,1255.5,1203.0,2163.5,2517.0,458.0,146.0,276.5,682.0,653.0,139.5,2576.0,2839.5,1315.5,9811.0,1864.5,651.0,1913.0,2380.5,303.0,2254.5,3154.5,456.0,2648.0,3274.0,633.0,237.5,9414.0,3759.0,9987.0,539.0,1442.75,Gda
Penk,349.0,3139.0,1496.5,9828.5,515.0,1303.0,2334.0,238.5,1170.0,711.5,9318.0,10004.5,9650.5,9145.0,3112.0,8021.0,1803.0,2103.5,659.0,134.0,668.5,691.0,515.5,149.0,136.0,215.0,3343.5,564.0,2075.5,1788.5,513.0,9925.5,107.5,151.5,201.0,955.5,480.0,816.0,295.0,446.5,4512.5,1737.5,1409.0,10378.0,309.5,3355.0,9649.5,2533.5,1448.0,1502.5,429.0,1337.5,3154.0,10598.5,3110.5,2737.5,1009.5,1182.0,10071.5,2343.0,1845.5,194.5,66.5,1277.0,4308.0,2775.5,1763.5,1188.5,787.5,1134.5,73.0,674.0,166.0,83.5,281.0,177.0,65.0,1326.0,146.5,330.5,98.0,409.0,1326.0,124.5,10216.5,2280.5,3107.5,514.5,10036.0,2563.5,9932.5,1068.0,9669.5,1058.0,9324.5,9453.5,860.5,641.5,10318.5,2950.0,1264.0,1501.5,366.0,9699.5,710.5,10310.5,2627.0,722.0,3018.5,10151.5,1237.0,3347.5,446.0,127.5,352.5,270.0,65.5,400.0,1282.5,1446.5,3094.5,10485.0,3803.5,1986.5,81.5,169.0,184.0,159.5,776.0,2538.5,1198.5,10270.5,1380.5,421.0,1000.0,1572.0,861.0,3945.5,2241.0,981.5,156.0,160.5,180.5,380.5,10510.0,1361.5,5915.5,2939.0,2988.5,2787.5,856.0,1127.0,1495.0,3718.0,438.0,8018.0,1351.0,4574.0,427.5,9743.0,10156.5,699.0,3618.5,9941.5,324.5,3367.5,3438.0,2989.5,930.0,10102.5,3506.5,10907.0,10676.5,468.0,9712.0,3333.5,172.5,1856.0,410.5,72.0,3825.5,450.5,10196.5,2099.5,1066.0,1710.5,138.5,75.0,10268.0,3520.5,2012.0,2814.5,3472.5,2666.0,2495.0,2754.5,902.0,2672.5,866.5,499.5,633.5,2457.0,3127.5,800.0,593.5,1010.0,2848.5,1922.0,551.0,2947.0,1303.5,9314.5,10461.0,9560.0,2399.0,3089.0,3899.0,3097.5,901.5,8018.0,9637.5,2006.0,4061.5,2900.5,1208.5,941.5,91.5,163.5,571.5,2907.0,259.5,4823.5,9926.0,457.0,453.5,245.5,9895.5,3207.5,974.0,4459.5,10492.5,635.5,503.0,315.5,2767.5,980.0,8063.5,4068.0,9464.0,1387.0,9764.5,2869.5,1255.5,1203.0,2163.5,214.0,1397.5,219.5,1601.0,1449.5,452.0,271.0,537.5,2839.5,2206.5,2466.5,1864.5,1063.5,1913.0,2380.5,1020.5,2254.5,1396.5,456.0,1062.0,3274.0,2908.5,9828.5,1816.0,630.5,1055.5,3544.5,1448.75,Penk
Tubb2b,759.5,3139.0,3266.0,2444.0,1979.0,2957.0,1436.5,778.0,1170.0,3001.5,237.5,10004.5,2205.0,427.0,3112.0,8021.0,10498.0,9563.5,446.0,183.5,124.5,471.5,3713.5,195.0,777.5,367.5,559.0,3945.5,358.0,405.5,1515.0,537.5,213.5,151.5,476.0,1445.5,1384.5,110.0,94.0,348.5,2513.5,1737.5,1409.0,3399.5,10331.0,1606.0,9649.5,2533.5,10257.5,1502.5,2427.5,1337.5,1412.0,10598.5,1423.0,1173.0,1009.5,9973.5,1315.5,456.5,695.5,472.5,1350.0,4002.5,2305.5,9983.0,3593.5,2775.0,2656.0,574.5,506.5,674.0,284.0,569.0,160.5,76.5,347.5,272.0,72.0,114.5,208.0,409.0,263.0,220.0,1346.0,849.0,452.0,10266.5,1199.5,2563.5,9932.5,9928.5,9669.5,9910.0,9324.5,9453.5,860.5,373.5,1622.0,667.0,176.5,1501.5,715.0,9699.5,1501.5,815.0,2627.0,722.0,10141.5,10151.5,1237.0,1643.5,446.0,1049.0,3641.0,365.0,296.5,400.0,602.5,313.5,3094.5,213.5,1130.0,1149.5,121.5,429.5,452.5,545.0,3751.5,783.5,4798.0,3238.5,1380.5,921.5,1735.0,1572.0,2243.0,822.0,885.5,593.5,323.5,108.0,234.5,190.0,10510.0,10188.0,1027.0,2939.0,10123.0,10005.5,1194.0,9925.0,1495.0,1944.5,1350.5,8018.0,907.0,1515.5,2881.0,975.0,331.0,10234.0,1737.0,564.5,1981.0,1577.0,1591.5,1272.0,2290.0,10102.5,1009.0,681.0,4055.5,3122.5,2283.0,3333.5,591.0,54.5,60.5,1033.0,3825.5,796.5,10196.5,2099.5,1066.0,817.5,298.0,1556.0,1576.5,3520.5,2012.0,10028.0,1670.5,2666.0,9824.5,1185.0,3544.0,588.5,3451.5,9909.0,10038.5,2457.0,10212.5,800.0,3397.5,1010.0,661.5,9469.5,2769.0,1235.0,399.0,9314.5,3550.0,9560.0,2399.0,10197.5,10629.5,3097.5,9791.5,8018.0,199.0,2006.0,4061.5,2900.5,2809.0,1420.0,1015.5,2118.0,118.0,261.5,444.0,946.0,2644.5,636.0,1467.5,4043.0,9895.5,3207.5,583.0,4459.5,1040.0,435.5,727.0,2572.0,9976.0,980.0,8063.5,1250.5,690.5,459.5,2378.0,2869.5,2147.0,2795.5,9603.5,324.5,458.0,857.5,10266.5,956.0,1764.0,962.5,2576.0,232.0,2206.5,2466.5,686.0,1889.5,9451.0,2380.5,1020.5,849.0,297.0,10234.5,9929.5,3274.0,1266.0,2454.0,9414.0,1829.0,9987.0,251.5,1481.25,Tubb2b
Gm13889,1025.5,3139.0,474.0,9828.5,1979.0,181.5,2334.0,199.0,2716.5,711.5,9318.0,1129.5,9650.5,1437.5,10204.0,8021.0,1026.0,9563.5,659.0,183.5,409.5,1075.5,753.0,342.0,174.5,786.5,10344.0,3945.5,2075.5,10478.0,1001.0,2637.5,596.0,1649.0,808.5,4294.5,366.5,295.0,295.0,446.5,1584.0,1737.5,1409.0,861.0,3310.0,1606.0,791.0,986.0,3197.0,486.5,2427.5,10191.0,10249.0,10598.5,10181.5,1173.0,2389.0,2747.5,1315.5,9717.5,929.0,472.5,357.0,10686.5,1415.0,1205.5,1763.5,625.0,787.5,2717.5,236.0,1270.5,599.5,1624.0,72.0,3187.5,347.5,140.0,231.0,488.5,879.5,186.5,1326.0,1738.5,3094.0,390.0,10217.0,1534.5,368.5,2563.5,576.5,9928.5,831.0,289.5,556.0,9453.5,860.5,2836.0,3360.0,10111.5,10051.0,841.0,366.0,2287.5,1501.5,3288.5,9905.5,348.5,1351.0,1355.0,385.5,3347.5,2993.0,3540.0,1093.0,207.0,1401.0,216.0,602.5,10221.0,3094.5,632.0,10561.0,1986.5,394.0,429.5,452.5,910.5,236.5,446.0,4798.0,1488.0,1380.5,421.0,10387.5,10317.0,11515.5,3945.5,1351.0,10405.5,599.0,321.5,546.5,890.0,1678.5,428.0,1353.0,2939.0,2988.5,10005.5,314.5,9925.0,4404.0,502.5,3015.5,8018.0,646.5,712.5,1287.0,2385.5,10156.5,699.0,952.0,9941.5,1981.0,340.5,10399.0,622.5,9680.5,1297.5,1737.5,10907.0,607.5,3122.5,2283.0,1535.0,356.0,190.0,410.5,218.5,1936.0,2634.5,1454.5,4084.5,1584.5,1149.5,1168.0,148.0,3274.0,1026.5,9541.0,2814.5,10394.5,1077.5,289.5,1185.0,902.0,2672.5,866.5,9909.0,2825.0,2457.0,1406.5,1483.5,212.5,2357.0,2848.5,9469.5,2769.0,10128.0,2995.0,9314.5,1697.5,9560.0,4378.5,734.0,1158.5,3097.5,9791.5,8018.0,823.5,2006.0,10759.5,2900.5,1208.5,377.0,140.5,614.5,118.0,177.0,202.0,946.0,2644.5,2303.0,453.5,416.0,1091.5,1427.0,583.0,1538.5,3662.0,107.5,1885.0,9869.5,1207.0,208.5,8063.5,2126.5,9464.0,10161.5,9764.5,10049.5,198.5,2795.5,9603.5,9837.5,1397.5,592.0,1601.0,2375.5,1017.5,962.5,2576.0,1225.5,4166.5,9811.0,1864.5,3772.5,9451.0,473.0,2542.5,9684.0,3154.5,3171.0,1062.0,10322.5,2908.5,2454.0,9414.0,630.5,9987.0,1651.5,1534.75,Gm13889
Gng4,433.5,1440.0,10302.0,9828.5,10613.5,2957.0,479.5,118.0,611.5,10143.5,1691.0,2759.0,811.0,9145.0,3112.0,8021.0,10498.0,382.5,189.5,134.0,1299.5,471.5,515.5,680.0,777.5,786.5,10344.0,1213.5,9551.0,288.5,1001.0,9925.5,856.5,270.5,300.0,667.0,660.5,178.5,528.5,446.5,1584.0,1737.5,3147.5,3399.5,10331.0,3355.0,2194.0,9865.0,3197.0,10276.5,2427.5,3067.0,10249.0,1931.5,3110.5,598.5,718.0,617.0,10071.5,2343.0,1281.0,194.5,357.0,1277.0,1415.0,2775.5,999.0,10000.5,583.0,2717.5,236.0,674.0,284.0,270.5,547.5,128.0,583.5,430.5,824.5,488.5,265.5,561.5,409.0,220.0,10216.5,9711.0,10217.0,843.0,2825.5,2563.5,2655.5,9928.5,9669.5,9910.0,9324.5,1915.5,2200.5,2836.0,1622.0,2950.0,1264.0,371.5,715.0,2287.5,710.5,3288.5,9905.5,722.0,3018.5,3035.5,1237.0,1643.5,446.0,127.5,170.5,131.5,1401.0,1751.0,440.5,10221.0,1413.5,1012.0,3803.5,10671.0,200.0,429.5,59.5,183.5,406.0,575.0,384.0,3238.5,3078.5,339.5,10387.5,1572.0,2243.0,10649.0,4184.5,3501.5,2132.5,222.0,302.0,140.5,899.0,715.0,1816.0,2939.0,2988.5,10005.5,1194.0,357.0,4404.0,502.5,438.0,8018.0,1351.0,11006.5,10043.5,9743.0,10156.5,1340.5,3618.5,9941.5,3886.5,1577.0,1591.5,10144.0,2290.0,1297.5,1009.0,1466.5,607.5,3122.5,9712.0,1535.0,145.5,672.0,410.5,1033.0,10600.5,450.5,478.0,10759.5,11022.0,817.5,537.0,96.5,10268.0,656.0,9541.0,2814.5,3472.5,9955.0,1021.0,2754.5,10469.5,9936.0,3451.5,499.5,10038.5,2457.0,3127.5,3241.5,285.0,258.0,10036.5,1922.0,10005.0,619.5,2995.0,9314.5,10461.0,824.0,1488.5,3089.0,1158.5,10210.5,901.5,8018.0,2181.5,9511.0,742.0,1282.5,2809.0,490.5,228.0,448.5,919.5,2907.0,145.0,559.0,1093.5,636.0,10267.5,878.5,2611.0,3207.5,3691.0,1538.5,1040.0,136.5,216.5,1053.0,1207.0,96.5,8063.5,10733.5,9464.0,3056.5,2378.0,10049.5,4111.5,373.5,846.0,543.5,1397.5,1314.5,927.5,253.0,335.5,738.5,2576.0,10031.5,2206.5,9811.0,1864.5,3772.5,9451.0,2380.5,2542.5,9684.0,297.0,3171.0,2648.0,3274.0,10070.0,924.5,1816.0,630.5,2699.0,892.0,1580.5,Gng4
Nrgn,433.5,3139.0,3266.0,927.5,1143.5,2957.0,1436.5,596.5,1170.0,3001.5,237.5,2759.0,9650.5,9145.0,748.0,8021.0,10498.0,9563.5,3490.5,53.5,124.5,44.5,119.0,61.0,319.5,49.5,10344.0,1213.5,2075.5,3626.5,1001.0,1075.5,596.0,49.0,1461.0,2351.5,480.0,228.5,94.0,280.5,1584.0,10477.0,3147.5,255.5,1511.5,3355.0,9649.5,9865.0,1448.0,793.5,429.0,3067.0,10249.0,3814.5,1423.0,9971.5,419.0,2747.5,703.0,456.5,1281.0,194.5,177.0,2115.0,2305.5,2775.5,1763.5,10000.5,4742.5,1134.5,988.5,674.0,599.5,384.0,210.0,128.0,65.0,63.5,72.0,88.0,136.0,59.0,79.0,124.5,705.0,9711.0,3107.5,10266.5,2825.5,9864.5,9932.5,312.5,831.0,2609.5,1705.0,704.0,2200.5,641.5,3360.0,667.0,10051.0,1501.5,272.0,901.5,2454.5,3288.5,9905.5,722.0,3018.5,3035.5,2849.0,3347.5,446.0,157.5,703.5,94.5,86.0,69.0,10731.5,767.5,486.0,3633.5,1960.5,3927.5,121.5,28.0,1807.0,436.5,183.0,102.5,638.0,1488.0,3078.5,285.0,1000.0,3332.5,5545.0,10649.0,10786.0,981.5,156.0,68.5,68.5,56.5,346.5,10188.0,1816.0,10127.5,2988.5,10005.5,648.5,2660.0,10910.0,1944.5,10144.5,8018.0,4218.0,4574.0,2881.0,498.5,10156.5,409.0,3618.5,564.5,1981.0,10344.5,3438.0,10144.0,9680.5,10102.5,10402.5,2434.0,2212.0,3122.5,841.0,822.0,45.5,190.0,1344.5,29.5,1936.0,4658.5,1454.5,10759.5,4639.5,1710.5,113.0,75.0,878.0,1772.5,320.0,605.0,568.5,2666.0,2495.0,2754.5,10469.5,9936.0,1606.5,9909.0,10038.5,239.5,3127.5,486.0,593.5,4273.5,400.0,668.5,2769.0,10128.0,1303.5,9314.5,3550.0,2108.0,10899.5,1384.5,3899.0,1350.0,2403.5,8018.0,9637.5,9511.0,10759.5,10054.0,1208.5,2328.5,112.0,201.0,77.5,177.0,610.0,711.5,1093.5,2303.0,3222.0,4043.0,2611.0,3207.5,974.0,2492.0,1836.5,36.5,84.0,1053.0,9976.0,282.0,48.5,801.5,690.5,3056.5,9764.5,2869.5,4111.5,1203.0,416.5,543.5,203.0,123.0,3272.0,392.0,1764.0,160.0,2576.0,10031.5,4166.5,987.5,245.5,1889.5,1913.0,2380.5,516.5,9684.0,1396.5,3171.0,2648.0,460.5,10070.0,9828.5,1816.0,1015.0,2699.0,892.0,1595.25,Nrgn
Sez6,1025.5,507.5,3266.0,9828.5,1979.0,2957.0,4243.0,199.0,2716.5,3001.5,9318.0,2759.0,9650.5,9145.0,3112.0,8021.0,3655.0,2103.5,446.0,1310.5,668.5,471.5,139.0,342.0,319.5,367.5,3343.5,3945.5,781.5,998.5,311.5,2637.5,596.0,386.5,808.5,378.5,660.5,228.5,1056.5,348.5,2513.5,3588.0,1409.0,861.0,3310.0,504.0,791.0,2533.5,10257.5,1502.5,2427.5,10191.0,3154.0,1931.5,3110.5,1173.0,541.5,370.5,1315.5,941.0,929.0,472.5,177.0,4002.5,4308.0,2775.5,632.0,10000.5,1107.5,2717.5,374.5,10082.0,599.5,384.0,160.5,235.5,218.0,140.0,2182.0,807.0,2222.0,82.0,409.0,984.0,10216.5,9711.0,1373.5,1534.5,10036.0,2563.5,2655.5,9928.5,2223.0,9910.0,1705.0,1915.5,9638.5,10040.5,1622.0,667.0,10051.0,3152.5,715.0,453.0,1501.5,815.0,9905.5,1933.0,3018.5,3035.5,1237.0,3347.5,1354.0,678.0,1861.5,365.0,141.5,491.0,1282.5,10221.0,1413.5,10485.0,1130.0,1149.5,269.0,993.5,1056.5,296.5,776.0,144.0,1198.5,474.5,283.5,699.5,3492.5,1572.0,3376.5,3945.5,4184.5,981.5,36.5,640.5,546.5,107.5,10510.0,10188.0,1816.0,2939.0,621.0,2787.5,1729.0,1127.0,4404.0,1944.5,1350.5,8018.0,1351.0,1515.5,2881.0,9743.0,10156.5,10234.0,1737.0,9941.5,10629.5,1577.0,10399.0,10144.0,2290.0,2947.5,1737.5,970.0,4055.5,468.0,2283.0,1535.0,288.5,325.0,60.5,538.5,488.5,2634.5,791.0,1243.0,2593.5,817.5,113.0,540.0,878.0,3520.5,700.5,2814.5,3472.5,9955.0,9824.5,2754.5,902.0,2672.5,1606.5,2611.5,1208.5,909.5,10212.5,3241.5,160.5,2357.0,1251.0,9469.5,10005.0,2947.0,1303.5,264.0,3550.0,9560.0,668.5,3089.0,3899.0,1350.0,9791.5,8018.0,9637.5,9511.0,2052.5,1282.5,622.5,1420.0,301.5,2118.0,1631.5,177.0,170.5,946.0,2644.5,2303.0,3222.0,612.5,2611.0,1427.0,1750.0,539.5,10492.5,174.0,282.5,9869.5,9976.0,282.0,8063.5,1250.5,9464.0,10161.5,2378.0,421.0,2147.0,625.5,9603.5,1044.0,3057.0,442.5,3272.0,10833.5,1764.0,160.0,537.5,10031.5,2206.5,9811.0,3650.0,3772.5,9451.0,2380.5,2542.5,9684.0,1396.5,1429.0,1062.0,3274.0,2908.5,2454.0,1816.0,1015.0,2699.0,10474.5,1737.25,Sez6
Abl2,1025.5,326.5,3266.0,927.5,3868.0,2957.0,652.0,778.0,2716.5,10143.5,9318.0,2759.0,9650.5,1437.5,3112.0,8021.0,1803.0,9563.5,243.0,682.0,668.5,1075.5,1154.5,342.0,174.5,3885.5,882.5,798.0,9551.0,10478.0,311.5,9925.5,333.0,386.5,1461.0,246.0,224.0,178.5,2565.5,770.5,2513.5,225.5,1409.0,10378.0,3310.0,10316.5,9649.5,9865.0,1448.0,10276.5,2427.5,693.0,10249.0,1117.5,10181.5,2737.5,147.0,370.5,2925.0,2343.0,1845.5,194.5,904.0,834.5,630.5,9983.0,1763.5,2775.0,583.0,1134.5,506.5,2905.0,212.0,905.0,872.0,502.5,2653.0,430.5,824.5,10290.0,624.5,2155.0,1326.0,618.5,1346.0,2280.5,3107.5,1534.5,2825.5,9864.5,9932.5,1068.0,831.0,1058.0,9324.5,9453.5,860.5,2836.0,10318.5,1275.0,10051.0,3152.5,366.0,901.5,4455.0,3288.5,2627.0,1933.0,3018.5,3035.5,2849.0,1643.5,2993.0,469.5,489.0,207.0,296.5,628.0,1282.5,10221.0,1413.5,3633.5,3803.5,3927.5,608.5,299.5,321.0,246.5,307.5,360.5,316.5,3238.5,1380.5,921.5,642.0,10317.0,1135.5,2086.0,885.5,10405.5,323.5,1722.5,2032.0,190.0,10510.0,715.0,1353.0,1226.0,2988.5,10005.5,1194.0,588.0,1008.0,1167.0,3015.5,8018.0,1351.0,712.5,695.0,9743.0,10156.5,699.0,3618.5,2670.5,10629.5,851.5,3438.0,2989.5,930.0,10102.5,658.5,4429.0,879.0,3122.5,2283.0,485.0,172.5,1076.0,3023.5,320.0,10600.5,1115.0,10196.5,2099.5,2593.5,1149.5,1982.0,3294.5,10268.0,1772.5,700.5,1188.5,10394.5,1077.5,2495.0,1185.0,3544.0,2672.5,3451.5,2611.5,10038.5,2457.0,3127.5,1483.5,10348.0,542.0,661.5,9469.5,1140.0,2947.0,1303.5,9314.5,3550.0,9560.0,1488.5,1384.5,10629.5,3097.5,901.5,8018.0,2181.5,9511.0,10759.5,2900.5,10015.5,941.5,642.5,448.5,3397.5,680.5,444.0,1870.5,2644.5,1408.0,3222.0,612.5,2611.0,3207.5,261.0,2492.0,1836.5,999.5,503.0,9869.5,2767.5,282.0,8063.5,4068.0,1924.0,3056.5,2378.0,1271.0,2147.0,2795.5,846.0,1044.0,3057.0,67.0,1601.0,202.5,3572.5,383.5,1053.0,10031.5,2206.5,496.0,327.5,10565.0,1913.0,2380.5,2542.5,9684.0,3154.5,3171.0,2648.0,10322.5,1266.0,9828.5,9414.0,3759.0,9987.0,10474.5,1928.5,Abl2
Ctxn1,433.5,3139.0,10302.0,9828.5,3868.0,10106.5,936.5,199.0,2716.5,10143.5,1691.0,10004.5,9650.5,171.5,10204.0,8021.0,1803.0,382.5,1749.5,2969.0,2944.5,157.5,753.0,469.0,777.5,530.0,3343.5,798.0,2075.5,998.5,392.0,2637.5,856.5,933.0,808.5,2351.5,934.5,385.0,1056.5,2483.0,4512.5,10477.0,442.5,861.0,3310.0,3355.0,9649.5,9865.0,1448.0,793.5,2427.5,693.0,10249.0,694.5,1423.0,2737.5,1009.5,2747.5,2925.0,9717.5,1281.0,1096.0,221.5,4002.5,922.0,2775.5,999.0,2775.0,4742.5,1134.5,1461.5,1270.5,401.5,200.0,3336.5,235.5,1128.5,1326.0,399.5,1501.5,1342.5,144.5,1326.0,1738.5,3094.0,9711.0,741.5,10266.5,10036.0,9864.5,2655.5,2634.5,9669.5,2609.5,9324.5,1915.5,2200.5,2836.0,3360.0,10111.5,2874.0,10192.5,1880.5,901.5,2454.5,3288.5,2627.0,9448.5,10141.5,1355.0,1237.0,1643.5,1354.0,469.5,352.5,495.0,768.0,855.5,848.5,1446.5,1413.5,3633.5,3803.5,1149.5,394.0,993.5,1056.5,436.5,406.0,1092.0,638.0,787.5,3078.5,1887.5,10387.5,1572.0,3376.5,2086.0,1351.0,3501.5,2132.5,1193.0,302.0,1599.5,3598.5,10188.0,2556.0,1226.0,10123.0,10005.5,856.0,2660.0,1495.0,10504.5,1350.5,8018.0,4218.0,4574.0,1287.0,9743.0,10156.5,10234.0,952.0,2670.5,1981.0,10344.5,3438.0,2989.5,9680.5,2947.5,1009.0,1466.5,1341.5,10207.0,2283.0,3333.5,1116.5,10507.5,1344.5,1033.0,1936.0,2634.5,3130.0,4084.5,4639.5,4726.0,298.0,869.0,3274.0,1026.5,9541.0,1188.5,3472.5,9955.0,2495.0,2754.5,1661.0,1125.0,10417.5,2611.5,10038.5,2457.0,3127.5,3241.5,160.5,1484.0,10036.5,1922.0,551.0,619.5,2995.0,1704.5,946.0,9560.0,976.0,734.0,10629.5,3097.5,2403.5,8018.0,2181.5,9511.0,2052.5,1282.5,10015.5,10815.0,301.5,163.5,1631.5,2907.0,1274.5,946.0,9926.0,4233.5,3222.0,416.0,2611.0,1427.0,3691.0,1022.0,1836.5,136.5,1124.5,1053.0,2767.5,1725.0,8063.5,10733.5,1924.0,3056.5,9764.5,10049.5,2147.0,10006.5,9603.5,1044.0,1397.5,857.5,580.0,956.0,1764.0,477.5,2576.0,2839.5,1315.5,496.0,3650.0,1889.5,9451.0,2380.5,516.5,396.0,3154.5,10234.5,1062.0,3274.0,10070.0,9828.5,586.0,3759.0,9987.0,1651.5,2080.75,Ctxn1
Gpsm1,349.0,1440.0,1496.5,9828.5,3868.0,676.0,281.0,238.5,9951.5,10143.5,9318.0,10004.5,2205.0,1437.5,3112.0,8021.0,3655.0,2103.5,189.5,1310.5,2944.5,157.5,753.0,149.0,228.5,786.5,1560.0,564.0,2075.5,288.5,697.0,9925.5,213.5,270.5,300.0,955.5,224.0,546.0,295.0,2483.0,1067.0,3588.0,3147.5,3399.5,10331.0,3355.0,9649.5,9865.0,10257.5,3264.0,2427.5,10191.0,3154.0,1117.5,10181.5,9971.5,419.0,9973.5,703.0,2343.0,11121.0,104.0,477.0,424.5,2305.5,9983.0,3593.5,2775.0,787.5,9970.0,506.5,2905.0,284.0,105.0,547.5,1489.5,347.5,272.0,9632.5,3263.5,1342.5,2155.0,10121.0,422.0,3094.0,9711.0,10217.0,3255.5,2825.5,9864.5,1108.5,2634.5,9669.5,289.5,9324.5,9453.5,2200.5,10040.5,3360.0,667.0,10051.0,3152.5,501.5,9699.5,2454.5,10310.5,2627.0,1933.0,10141.5,1355.0,1237.0,3347.5,2993.0,343.0,3641.0,712.0,463.0,267.0,93.0,10221.0,3094.5,1799.5,3803.5,717.0,394.0,633.0,184.0,436.5,307.5,195.5,638.0,10270.5,10177.0,921.5,1735.0,3332.5,1135.5,10649.0,2241.0,292.5,323.5,400.5,234.5,561.5,1678.5,1361.5,2556.0,612.5,10123.0,10005.5,856.0,9925.0,1495.0,10504.5,3015.5,8018.0,4218.0,2503.5,10043.5,975.0,2981.0,1340.5,3618.5,9941.5,3886.5,3367.5,10399.0,622.5,9680.5,10102.5,10402.5,1466.5,2212.0,10207.0,9712.0,10342.0,245.0,1856.0,1344.5,538.5,1123.5,1652.5,3130.0,4084.5,2593.5,2721.5,773.0,257.5,539.5,1026.5,700.5,10028.0,919.0,1077.5,2495.0,2754.5,1661.0,1125.0,10417.5,9909.0,2825.0,9835.5,1406.5,3241.5,120.5,2357.0,1251.0,9469.5,2769.0,2947.0,2995.0,9314.5,946.0,9560.0,2399.0,3089.0,10629.5,704.5,2403.5,8018.0,9637.5,350.0,4061.5,10054.0,1208.5,1420.0,426.5,201.0,389.0,680.5,259.5,559.0,567.0,1408.0,453.5,878.5,1091.5,3207.5,10574.0,10921.5,3662.0,226.5,503.0,1053.0,361.0,980.0,8063.5,2126.5,9464.0,3056.5,9764.5,2869.5,1255.5,10006.5,9603.5,70.0,3057.0,98.5,206.5,202.5,3572.5,738.5,9881.0,2839.5,4166.5,987.5,686.0,10565.0,9451.0,9747.0,9865.5,849.0,3154.5,198.5,9929.5,3274.0,2908.5,9828.5,9414.0,1015.0,9987.0,1651.5,2350.0,Gpsm1
Baiap2,97.5,10216.0,3266.0,2444.0,1979.0,2957.0,4243.0,163.0,2716.5,3001.5,9318.0,2759.0,2205.0,9145.0,748.0,8021.0,1803.0,9563.5,659.0,2969.0,2944.5,260.5,515.5,1053.5,477.5,786.5,1560.0,798.0,781.5,3626.5,311.5,2637.5,432.5,3432.5,146.5,2351.5,1384.5,1284.0,1056.5,577.0,1067.0,3588.0,1409.0,3399.5,3310.0,3355.0,9649.5,2533.5,3197.0,10276.5,932.0,10191.0,10249.0,1931.5,3110.5,9971.5,1009.5,2747.5,10071.5,2343.0,2870.0,342.0,2203.5,1277.0,4308.0,9983.0,1763.5,1188.5,2656.0,9970.0,374.5,2905.0,3352.0,1624.0,872.0,329.0,583.5,1326.0,824.5,330.5,879.5,1299.0,1326.0,1738.5,3094.0,9711.0,10217.0,10266.5,10036.0,9864.5,2655.5,9928.5,9669.5,9910.0,1705.0,9453.5,2200.5,2836.0,10318.5,1275.0,1264.0,1501.5,272.0,2287.5,4455.0,10310.5,2627.0,722.0,716.5,3035.5,2849.0,10302.0,1354.0,1049.0,352.5,495.0,3047.5,628.0,2155.0,10221.0,3094.5,1799.5,3803.5,1986.5,269.0,429.5,1056.5,910.5,406.0,2538.5,638.0,10270.5,3078.5,1887.5,1000.0,3332.5,1135.5,1260.5,2241.0,3501.5,156.0,189.0,234.5,264.5,534.0,3080.5,1816.0,10127.5,10123.0,1180.5,648.5,2660.0,1495.0,1167.0,10144.5,8018.0,4218.0,2503.5,10043.5,9743.0,2981.0,3109.5,952.0,2670.5,3886.5,3367.5,840.0,10144.0,9680.5,2947.5,1737.5,681.0,1341.5,3122.5,2283.0,1535.0,591.0,1856.0,131.0,728.5,10600.5,796.5,3130.0,10759.5,4639.5,2721.5,1168.0,3294.5,10268.0,3520.5,9541.0,10028.0,1670.5,9955.0,2495.0,1185.0,365.0,2672.5,10417.5,9909.0,10038.5,421.0,10212.5,1483.5,931.0,1484.0,1251.0,9469.5,2769.0,10128.0,660.5,582.0,3550.0,2108.0,2399.0,10197.5,2003.0,3097.5,9791.5,8018.0,9637.5,2006.0,4061.5,1282.5,2809.0,941.5,301.5,325.5,1631.5,406.0,850.5,4823.5,1093.5,2303.0,3222.0,1311.0,2611.0,3207.5,3691.0,1022.0,1836.5,635.5,3700.5,2572.0,2767.5,3493.0,8063.5,553.5,9464.0,3056.5,9764.5,10049.5,2147.0,2795.5,416.5,543.5,758.5,343.0,1601.0,2375.5,1764.0,271.0,9881.0,10031.5,2206.5,2466.5,3650.0,3772.5,1913.0,9747.0,1020.5,2254.5,1396.5,10234.5,2648.0,1461.0,10070.0,2454.0,9414.0,3759.0,2699.0,1651.5,2421.5,Baiap2
Bcl11b,1025.5,507.5,10302.0,9828.5,10613.5,1303.0,2334.0,1083.5,2716.5,3001.5,9318.0,2759.0,2205.0,9145.0,10204.0,8021.0,1803.0,9563.5,3490.5,682.0,10083.5,471.5,753.0,1053.5,3040.5,3885.5,3343.5,1213.5,2075.5,998.5,392.0,9925.5,2143.0,386.5,3097.0,2351.5,2256.0,295.0,528.5,770.5,4512.5,3588.0,442.5,3399.5,10331.0,1606.0,791.0,986.0,10257.5,3264.0,2427.5,10191.0,1412.0,3814.5,3110.5,9971.5,1009.5,9973.5,2925.0,9717.5,1281.0,704.5,477.0,4002.5,1415.0,2775.5,999.0,10000.5,1107.5,2717.5,699.0,674.0,10298.5,200.0,1593.0,1489.5,583.5,1326.0,9632.5,1501.5,2222.0,824.5,1326.0,618.5,3094.0,2280.5,1373.5,10266.5,10036.0,9864.5,9932.5,9928.5,9669.5,2609.5,9324.5,1915.5,2200.5,2836.0,10318.5,2950.0,10051.0,3152.5,3658.0,9699.5,710.5,10310.5,580.5,1933.0,3018.5,1355.0,2849.0,1643.5,1354.0,678.0,489.0,1136.5,768.0,327.5,1282.5,10221.0,3094.5,10485.0,1960.5,3927.5,394.0,993.5,452.5,1250.0,1933.0,575.0,485.0,3238.5,438.0,699.5,10387.5,3332.5,1563.0,2086.0,1351.0,1736.5,871.0,640.5,234.5,140.5,10510.0,3080.5,1027.0,2939.0,10123.0,2787.5,1194.0,1127.0,4404.0,1944.5,3015.5,8018.0,2254.5,2503.5,10043.5,2385.5,10156.5,3109.5,10497.5,9941.5,3886.5,3367.5,1591.5,10144.0,2290.0,10102.5,3506.5,2434.0,10676.5,3122.5,2283.0,10342.0,124.5,190.0,696.5,320.0,1936.0,1115.0,1454.5,10759.5,1584.5,11054.0,392.5,540.0,539.5,656.0,2012.0,10028.0,10394.5,2666.0,2495.0,9982.5,3544.0,9936.0,3451.5,282.0,10038.5,2457.0,1406.5,3241.5,931.0,1484.0,400.0,1922.0,10005.0,10128.0,10133.0,9314.5,3550.0,9560.0,4378.5,734.0,725.0,1350.0,9791.5,8018.0,2181.5,738.5,10759.5,1282.5,2809.0,1420.0,642.5,614.5,3397.5,680.5,850.5,1870.5,2644.5,4233.5,10267.5,1311.0,2611.0,3207.5,10574.0,10921.5,1836.5,635.5,1885.0,2572.0,1207.0,616.5,8063.5,4068.0,9464.0,3056.5,2378.0,10049.5,4111.5,10006.5,9603.5,2517.0,458.0,343.0,580.0,253.0,10451.0,1892.5,9881.0,1225.5,4166.5,2466.5,10474.5,3772.5,9451.0,9747.0,2542.5,9684.0,1396.5,456.0,2648.0,10322.5,10070.0,9828.5,1816.0,1829.0,9987.0,3544.5,2480.75,Bcl11b
Kcnj4,571.5,3139.0,3266.0,2444.0,3868.0,10106.5,936.5,163.0,2716.5,10143.5,9318.0,10004.5,9650.5,9145.0,3112.0,8021.0,1026.0,2103.5,325.5,97.5,180.0,1856.5,139.0,1053.5,319.5,3885.5,1560.0,401.5,9551.0,1788.5,697.0,9925.5,856.5,581.0,300.0,955.5,660.5,816.0,295.0,770.5,4512.5,10477.0,10227.0,10378.0,10331.0,10316.5,2194.0,2533.5,1448.0,1502.5,932.0,693.0,1412.0,10598.5,3110.5,9971.5,4343.5,9973.5,2925.0,2343.0,1281.0,1857.5,638.0,1277.0,2305.5,9983.0,999.0,2775.0,4742.5,9970.0,136.0,2905.0,284.0,3339.5,872.0,502.5,583.5,730.0,2182.0,1501.5,879.5,144.5,10121.0,3526.5,3094.0,9711.0,10217.0,843.0,10036.0,9864.5,9932.5,9928.5,9669.5,9910.0,9324.5,1915.5,9638.5,10040.5,3360.0,1275.0,1264.0,3152.5,1106.5,453.0,2454.5,3288.5,9905.5,9448.5,10141.5,3035.5,2849.0,10302.0,1354.0,1049.0,3641.0,1951.5,463.0,267.0,2155.0,3160.0,1413.5,10485.0,3803.5,1986.5,969.5,10448.0,452.5,436.5,406.0,446.0,852.5,1488.0,3078.5,699.5,3492.5,1572.0,2243.0,1260.5,10786.0,10405.5,195.5,501.0,787.0,890.0,3598.5,10188.0,5915.5,10127.5,10123.0,10005.5,314.5,9925.0,1495.0,749.0,1350.5,8018.0,2254.5,2503.5,695.0,975.0,595.5,10234.0,10497.5,9941.5,10629.5,1577.0,10399.0,2989.5,9680.5,1297.5,1009.0,4429.0,879.0,3122.5,841.0,1535.0,1116.5,672.0,10140.5,728.5,10600.5,2634.5,791.0,4084.5,2593.5,2721.5,1168.0,3294.5,3274.0,3520.5,9541.0,2814.5,10394.5,1077.5,9824.5,2754.5,1661.0,2672.5,3451.5,1042.0,1208.5,2457.0,3127.5,800.0,593.5,719.0,10036.5,1922.0,10005.0,2947.0,2995.0,9314.5,10461.0,2108.0,1488.5,1384.5,3899.0,1350.0,9791.5,8018.0,9637.5,738.5,4061.5,10054.0,10015.5,2328.5,1753.5,614.5,1631.5,680.5,610.0,2852.0,567.0,457.0,3222.0,1311.0,2611.0,10266.0,3691.0,4459.5,10492.5,3498.5,372.5,9869.5,2767.5,160.0,8063.5,10733.5,9464.0,459.5,918.0,2869.5,406.0,10006.5,2163.5,543.5,10153.0,1314.5,580.0,392.0,10451.0,271.0,9881.0,2839.5,2206.5,2466.5,3650.0,423.0,9451.0,9747.0,2542.5,2254.5,3154.5,10234.5,1062.0,1461.0,10070.0,2454.0,586.0,1829.0,9987.0,892.0,2485.0,Kcnj4
Smarcd1,1537.5,3139.0,3266.0,2444.0,3868.0,10106.5,2334.0,1083.5,1170.0,3001.5,9318.0,10004.5,9650.5,427.0,3112.0,8021.0,3655.0,2103.5,1028.0,2969.0,668.5,3625.0,3713.5,1801.0,319.5,2045.0,10344.0,3945.5,9551.0,613.5,513.0,1075.5,596.0,933.0,3097.0,4294.5,1384.5,2187.5,1056.5,348.5,755.0,10477.0,740.5,1580.5,1511.5,1606.0,9649.5,2533.5,3197.0,1502.5,932.0,693.0,10249.0,10598.5,3110.5,9971.5,718.0,9973.5,2925.0,2343.0,929.0,704.5,357.0,2115.0,4308.0,2775.5,3593.5,2775.0,2656.0,1134.5,988.5,1270.5,599.5,905.0,547.5,3187.5,1128.5,730.0,824.5,807.0,1342.5,824.5,2990.0,984.0,1346.0,9711.0,10217.0,10266.5,2825.5,2563.5,9932.5,2634.5,9669.5,9910.0,9324.5,9453.5,9638.5,10040.5,1622.0,2950.0,1264.0,1501.5,3658.0,901.5,4455.0,10310.5,2627.0,722.0,3018.5,3035.5,10034.5,10302.0,10122.0,1049.0,489.0,270.0,3047.5,267.0,10731.5,1446.5,3094.5,1012.0,1960.5,1986.5,969.5,1723.0,321.0,910.5,307.5,1586.0,852.5,10270.5,438.0,921.5,642.0,1572.0,1135.5,3945.5,334.5,10405.5,599.0,1193.0,3834.0,10255.5,1678.5,1361.5,3744.5,10127.5,1286.5,2787.5,1194.0,2660.0,2419.0,3718.0,10144.5,8018.0,2254.5,11006.5,1287.0,9743.0,2981.0,10234.0,1737.0,2670.5,3886.5,10344.5,1591.5,2989.5,9680.5,2947.5,10402.5,1466.5,4055.5,1418.0,9712.0,3333.5,790.5,10507.5,3023.5,407.5,10600.5,1115.0,3130.0,10759.5,4639.5,2721.5,298.0,257.5,878.0,1772.5,9541.0,2814.5,10394.5,9955.0,1021.0,1185.0,3544.0,1125.0,3451.5,1042.0,1208.5,9835.5,1406.5,3241.5,1642.5,323.0,1251.0,9469.5,2769.0,2947.0,2995.0,9314.5,10461.0,2108.0,4378.5,10197.5,3899.0,1350.0,2403.5,8018.0,9637.5,2006.0,4061.5,10054.0,1208.5,669.0,3514.5,325.5,389.0,680.5,610.0,1870.5,2644.5,10814.0,1467.5,1311.0,9895.5,10266.0,3691.0,4459.5,1040.0,435.5,282.5,1053.0,9976.0,1725.0,8063.5,4068.0,9464.0,10161.5,9764.5,2869.5,4111.5,10006.5,846.0,324.5,3057.0,4039.5,580.0,392.0,653.0,477.5,9881.0,1225.5,4166.5,496.0,1864.5,10565.0,1913.0,9747.0,2542.5,396.0,3154.5,3171.0,2648.0,3274.0,10070.0,9828.5,9414.0,1829.0,2699.0,3544.5,2652.0,Smarcd1
Icam5,433.5,1440.0,10302.0,9828.5,1143.5,394.0,4243.0,362.0,1170.0,1324.5,9318.0,2759.0,9650.5,9145.0,1399.5,8021.0,3655.0,2103.5,325.5,1310.5,1299.5,1856.5,753.0,1053.5,777.5,786.5,3343.5,401.5,2075.5,998.5,697.0,2637.5,213.5,386.5,300.0,4294.5,224.0,816.0,528.5,2483.0,4512.5,1737.5,3147.5,1580.5,10331.0,10316.5,9649.5,456.0,10257.5,1502.5,9801.5,3067.0,3154.0,3814.5,3110.5,2737.5,541.5,9973.5,10071.5,456.5,11121.0,194.5,274.0,834.5,10883.0,2775.5,1763.5,1188.5,1644.0,9970.0,136.0,10082.0,106.0,270.5,872.0,3187.5,1128.5,730.0,9632.5,807.0,354.5,304.5,692.5,984.0,3094.0,9711.0,10217.0,3255.5,2825.5,2563.5,9932.5,9928.5,9669.5,9910.0,9324.5,9453.5,2200.5,2836.0,10318.5,667.0,2874.0,841.0,715.0,9699.5,1501.5,10310.5,2627.0,9448.5,3018.5,10151.5,10034.5,1643.5,2993.0,678.0,1093.0,712.0,296.5,400.0,1282.5,10221.0,334.0,10485.0,3803.5,1986.5,3459.5,429.5,452.5,296.5,553.0,1092.0,1198.5,1488.0,3078.5,4975.5,3492.5,10317.0,3376.5,10649.0,2241.0,10405.5,871.0,855.0,787.0,264.5,10510.0,3080.5,5915.5,1226.0,1286.5,1180.5,1729.0,9925.0,2419.0,1944.5,10144.5,8018.0,10805.5,2503.5,10043.5,9743.0,10156.5,3109.5,10497.5,9941.5,3886.5,10344.5,3438.0,2989.5,9680.5,1297.5,1737.5,2434.0,10676.5,1418.0,9712.0,1535.0,591.0,451.5,696.5,538.5,10600.5,588.0,10196.5,4084.5,1584.5,2721.5,392.5,1556.0,10268.0,3520.5,9541.0,10028.0,3472.5,9955.0,1021.0,377.5,3544.0,2672.5,10417.5,1042.0,10038.5,2457.0,3127.5,3241.5,212.5,2357.0,2848.5,9469.5,2769.0,10128.0,1303.5,9314.5,3550.0,2108.0,1488.5,3089.0,3899.0,10210.5,2403.5,8018.0,9637.5,9511.0,742.0,1282.5,622.5,1420.0,1753.5,861.5,389.0,10059.5,1274.5,2852.0,9926.0,4233.5,779.0,2155.0,9895.5,3207.5,10574.0,4459.5,457.0,999.5,1124.5,1053.0,9976.0,1725.0,8063.5,4068.0,9464.0,751.5,9764.5,10049.5,4111.5,2795.5,9603.5,1044.0,758.5,442.5,927.5,392.0,1764.0,189.0,2576.0,10031.5,10786.5,987.5,1864.5,10565.0,9451.0,2380.5,9865.5,396.0,454.0,3171.0,9929.5,1461.0,10070.0,9828.5,9414.0,10578.5,1055.5,10474.5,2655.0,Icam5
Rbfox3,571.5,10216.0,10302.0,9828.5,3868.0,10106.5,2334.0,288.5,9951.5,3001.5,9318.0,10004.5,9650.5,9145.0,3112.0,8021.0,10498.0,810.0,1028.0,1310.5,10083.5,343.5,515.5,1053.5,1408.0,786.5,1560.0,3945.5,781.5,3626.5,252.5,9925.5,333.0,1649.0,808.5,667.0,1384.5,546.0,2565.5,446.5,4512.5,10477.0,1409.0,10378.0,3310.0,1606.0,122.5,2533.5,10257.5,3264.0,2427.5,1337.5,10249.0,3814.5,3110.5,9971.5,718.0,2747.5,1315.5,2343.0,11121.0,342.0,1350.0,10686.5,4308.0,2775.5,10463.5,1188.5,2656.0,2717.5,291.5,2905.0,83.0,905.0,1593.0,1489.5,2653.0,272.0,824.5,1501.5,624.5,409.0,2990.0,984.0,1346.0,9711.0,3107.5,3255.5,10036.0,9864.5,2655.5,2634.5,9669.5,9910.0,9324.5,704.0,9638.5,10040.5,10318.5,10111.5,10051.0,1501.5,1106.5,901.5,10936.0,10310.5,9905.5,722.0,10141.5,10151.5,1237.0,1643.5,10122.0,469.5,269.0,1951.5,463.0,1751.0,848.5,10221.0,1413.5,10485.0,3803.5,10671.0,200.0,223.0,671.0,545.0,553.0,575.0,2754.0,10270.5,10177.0,2923.0,1735.0,864.0,5545.0,2086.0,2241.0,3501.5,323.5,855.0,302.0,890.0,3598.5,3080.5,11701.5,10127.5,10123.0,2787.5,1194.0,9925.0,10910.0,1167.0,3015.5,8018.0,10805.5,4574.0,2881.0,9743.0,1232.5,3109.5,3618.5,9941.5,10629.5,3367.5,10399.0,10144.0,9680.5,1297.5,1737.5,4429.0,2212.0,3122.5,9712.0,3333.5,245.0,1076.0,696.5,218.5,3825.5,2634.5,1454.5,4084.5,4639.5,1710.5,537.0,1556.0,1576.5,10398.5,2012.0,2814.5,1670.5,2666.0,1021.0,2754.5,10469.5,9936.0,3451.5,9909.0,10038.5,2457.0,3127.5,3241.5,931.0,421.0,266.5,9469.5,10005.0,2947.0,10133.0,9314.5,10461.0,9560.0,4378.5,10197.5,10629.5,10210.5,9791.5,8018.0,2181.5,9511.0,4061.5,10054.0,1208.5,2328.5,642.5,201.0,1631.5,2907.0,170.5,4823.5,9926.0,4233.5,1467.5,612.5,9895.5,3207.5,10574.0,4459.5,1836.5,308.5,372.5,1053.0,2767.5,405.5,8063.5,10733.5,9464.0,10161.5,9764.5,1271.0,2147.0,2795.5,9603.5,2517.0,10153.0,1314.5,392.0,509.0,1764.0,1315.5,2576.0,10031.5,2206.5,987.5,1864.5,10565.0,9451.0,9747.0,2542.5,2254.5,10238.5,3171.0,2648.0,10322.5,1266.0,924.5,9414.0,10578.5,515.0,10474.5,2791.5,Rbfox3
Camk4,4396.5,10216.0,10302.0,2444.0,10613.5,2957.0,10803.0,1611.0,1170.0,3001.5,9318.0,10004.5,9650.5,1437.5,3112.0,8021.0,10498.0,9563.5,1028.0,10108.5,668.5,1856.5,1922.0,680.0,228.5,174.0,10344.0,2059.5,9551.0,3626.5,1515.0,9925.5,1296.5,1649.0,1461.0,10838.5,1384.5,385.0,9870.0,2483.0,4512.5,10477.0,10227.0,10378.0,10331.0,10316.5,9649.5,9865.0,10257.5,10276.5,9801.5,3067.0,10249.0,10598.5,10181.5,2737.5,4343.5,9973.5,2925.0,2343.0,11121.0,3607.0,4085.0,4002.5,2305.5,9983.0,10463.5,10000.5,11101.5,9970.0,988.5,10082.0,3352.0,1624.0,1593.0,502.5,1128.5,10066.0,9632.5,807.0,10744.0,561.5,409.0,1738.5,10216.5,9711.0,10217.0,3255.5,2825.5,9864.5,9932.5,2634.5,2223.0,9910.0,9324.5,1915.5,9638.5,10040.5,10318.5,10111.5,10051.0,10192.5,1880.5,9699.5,4455.0,10310.5,9905.5,9448.5,10141.5,1355.0,10034.5,10302.0,10122.0,1788.5,10472.0,1136.5,463.0,491.0,4087.5,10221.0,10177.5,10485.0,10561.0,10671.0,394.0,3536.0,10430.5,2793.5,3751.5,1586.0,2754.0,3238.5,3078.5,1286.5,1735.0,10317.0,2243.0,2086.0,4184.5,3501.5,599.0,501.0,399.5,890.0,3598.5,3080.5,5915.5,2939.0,10123.0,2787.5,4640.5,2660.0,10910.0,10504.5,10144.5,8018.0,4218.0,4574.0,2881.0,9743.0,2981.0,10234.0,3618.5,2670.5,1981.0,10344.5,10399.0,10144.0,9680.5,2947.5,10402.5,4429.0,10676.5,10207.0,9712.0,3333.5,288.5,672.0,696.5,728.5,10600.5,11039.0,3130.0,4084.5,11022.0,4726.0,392.5,869.0,10268.0,10398.5,9541.0,10028.0,3472.5,9955.0,9824.5,9982.5,10469.5,9936.0,10417.5,9909.0,1208.5,2457.0,10212.5,3241.5,10348.0,10824.0,2848.5,9469.5,10005.0,10128.0,1303.5,9314.5,10461.0,9560.0,10899.5,10197.5,10629.5,10210.5,9791.5,8018.0,9637.5,2006.0,10759.5,1282.5,1208.5,2328.5,1753.5,3980.0,919.5,1296.5,3950.5,2852.0,9926.0,10814.0,10267.5,10703.0,9895.5,3207.5,10574.0,10921.5,3662.0,435.5,1885.0,9869.5,9976.0,1725.0,8063.5,10733.5,9464.0,10161.5,9764.5,10049.5,10758.5,10006.5,9603.5,2517.0,10153.0,857.5,3272.0,10833.5,10451.0,2931.5,9881.0,10031.5,10786.5,9811.0,10474.5,1889.5,9451.0,9747.0,2542.5,849.0,1396.5,10234.5,2648.0,10322.5,10070.0,2454.0,9414.0,10578.5,2699.0,10474.5,9431.25,Camk4
Cnih3,4396.5,3139.0,3266.0,9828.5,10613.5,2957.0,4243.0,10916.0,2716.5,10143.5,9318.0,10004.5,9650.5,1437.5,3112.0,8021.0,10498.0,9563.5,10387.5,10108.5,668.5,3625.0,10513.0,10459.0,3040.5,10602.5,10344.0,3945.5,9551.0,10478.0,4335.5,9925.5,10673.0,10380.0,10167.5,10838.5,10748.5,4085.5,2565.5,10905.5,4512.5,10477.0,10227.0,10378.0,10331.0,10316.5,9649.5,9865.0,10257.5,10276.5,9801.5,3067.0,10249.0,10598.5,3110.5,9971.5,10880.0,9973.5,2925.0,9717.5,11121.0,10437.0,1350.0,4002.5,4308.0,2775.5,1763.5,2775.0,11101.5,2717.5,2312.0,10082.0,10298.5,10295.5,10302.0,10221.5,2653.0,2910.5,9632.5,10290.0,10744.0,3991.5,10121.0,3526.5,10216.5,9711.0,10217.0,1534.5,10036.0,9864.5,2655.5,2634.5,9669.5,9910.0,9324.5,9453.5,9638.5,10040.5,1622.0,10111.5,2874.0,3152.5,10476.5,9699.5,10936.0,10310.5,9905.5,9448.5,10141.5,10151.5,10034.5,3347.5,10122.0,3540.0,10472.0,1951.5,10148.0,4628.5,10731.5,10221.0,10177.5,3633.5,10561.0,10671.0,10389.0,10448.0,3566.0,11086.0,3751.5,4504.0,4798.0,10270.5,3078.5,11197.5,3492.5,10317.0,5545.0,10649.0,10786.0,10405.5,4007.0,2671.0,2032.0,10255.5,10510.0,10188.0,3744.5,10127.5,10123.0,10005.5,4640.5,2660.0,10910.0,3718.0,3015.5,8018.0,10805.5,11006.5,10043.5,9743.0,10156.5,10234.0,10497.5,9941.5,10629.5,1577.0,10399.0,10144.0,9680.5,10102.5,1737.5,10907.0,4055.5,3122.5,9712.0,10342.0,4554.0,10507.5,10140.5,10922.5,10600.5,11039.0,10196.5,10759.5,4639.5,4726.0,10615.5,3294.5,10268.0,10398.5,9541.0,10028.0,10394.5,9955.0,9824.5,9982.5,10469.5,2672.5,3451.5,9909.0,10038.5,9835.5,10212.5,1483.5,3397.5,4273.5,10036.5,9469.5,10005.0,2947.0,1303.5,9314.5,10461.0,9560.0,10899.5,10197.5,10629.5,10210.5,9791.5,8018.0,2181.5,9511.0,10759.5,10054.0,10015.5,10815.0,3514.5,2118.0,10356.5,10059.5,10629.0,4823.5,9926.0,4233.5,1467.5,10703.0,2611.0,10266.0,3691.0,10921.5,10492.5,999.5,10521.5,9869.5,2767.5,1725.0,8063.5,4068.0,9464.0,10161.5,9764.5,10049.5,4111.5,2795.5,9603.5,9837.5,10153.0,4039.5,10266.5,10833.5,10451.0,4963.0,9881.0,2839.5,10786.5,9811.0,3650.0,10565.0,9451.0,9747.0,9865.5,9684.0,10238.5,10234.5,9929.5,10322.5,2908.5,2454.0,9414.0,10578.5,2699.0,3544.5,9909.5,Cnih3
